target,text
1,sounds like a good guide book phoooooto
1,is watching titanic
0,live tweet streaming on sytycd i miss dena and lisa
0,wake up early tomorrow
0,so if they are concluding that there are no survivors its because they found the plane they mention a crash
0,you know it s really sad that u know that ur classmate don t care about you sad memories t t
0,dope track but no download
0,working on this sunny day
1,there are a lot of vegan coffee creamers f i that one by soyatoo
0,is loving the hot weather finally too bad i ll be stuck at 2 jobs today
0,coach b i just saw ur msg you were n okc 4059239095 call me sometime
0,at mr v s for dinner and eddie isnt working tonite
0,crappy day turned awesome at work only to come home to discover that my chico dog is sick
0,hating overtime
1,thank you to everyone whose following me once i get to a pc ill follow u
1,off to school after my week off and i think yaseminx3 is extremely lucky because she has today off
0,twisted gahh studying is making screw up my commercial
0,one month ago i was the most happiest person n now ijustwannadie
0,twitter is somehow borring
1,i love the theme song quot it all started with the big bang bang quot
1,i have far to many random updates than im never gonna reaad and heiiii channellle
1,amen and let s not forget the 14e gs title which puts him right next to sampras no pressure roger noooo pressure
0,i could tell the shading i didn t get any color m b the dolphin one i want to get like that pic in the vid of my son
1,secret twitter will eat your soul i kicked that habit
0,i hate i miss my am walk with my 2 partners 20 flights it is
0,so much hw to do where to begin
1,eating
0,i didn t get my free coke glass
1,happy birthday
1,we re having leeky linguine with shrimp and sour dough bread on the side it s super easy to cook and tastes delicious
0,okay apparently i didn t miss the deadline for jb m amp g s but it would be kinda lame to win i would feel really bad about it
0,im getting my wisdom teeth out tomorrrow
0,dont like it when the tour ends
1,that s because we re fantastic
0,election is going bad go and vote what he hell is wrong with you
0,oh my freaking god i hate you
1,i need a nap or something so full from dinner
0,disappointed signing off
0,gosh i miss junpyo gotta hit quiapo for the the bof dvd lol
1,yes a nap does sound good
1,nice didn t sing to mine can t but looking for lessons to change that
0,ok slept 7 hours today better than the 12 5 of yesterday still woke up at 8 not good must work on that before tuesday
0,say happy birthday nanda to nanda marinho please
1,amazing person and a leader now its time to say a big thank you dial my number any time as you will always have me as a friend
0,we can t even get in on the internet i seriously doubt it ever makes it to the iphone
0,oh that s awful i hate when you trust someone and they hurt you so much grr
0,awww crap have to report at 830
0,yeah not good
1,ilove everything old school
1,how do you feel about ur hands how are they connected to ur art see someone came up to you and asked you
0,ugh what a pain it has happened to me many times
0,soooo song of my night beep by bobby v i miss my mommy but i will be w her in the a m jimboy s was on hit tonight
1,i love the onu admissions bas always good for a laugh
1,obviors al desayuno oye british te quedan 3 meses en shile
1,i m sooo full of beau s right now it make cubicle life a bit better
1,hey guys hows it hangin not much news but one of my bff s just cracked a rib kind of feel sorry 4 her i just got the sickest beats of t i
1,going to skate with kody in just a lil bit woo
0,really sick
1,had a busy day today i m tired goodnight tweeters
0,i am getting the tweets with a delay
1,2 words paranoid jonas
0,i understand i ve put 70k on the car i ve had for just 3 years
0,just spent a frustrating 3hrs getting 3 0 does anyone know how to get my apps back in line they are scattered across 11 pages
1,ok im out gonna try to be productive we ll see quot oh look its the sweet life of zach and cas quot dean
1,time to enjoy what s left of the weekend after a day in work homemade pizza for tea amp cannot wait for a lie in tomorrow
0,my brother must hate me he didn t answer his phone and he didn t call me back either that or he s sleeping or at work
0,wondering if i ll get offered cheese and crackers or fresh fruit today not very likely
1,maybe ill make a video and show ya what this beautiful place is all about
1,they probaby couldn t resist your scottish accent lol
0,sorry to hear about your friend
0,going to the mall to look for a dress then alexis s sweet 16 party later no cell
0,tell me please
1,fingers crossed and all the best to you like millions i d love to be in your shoes maybe just for the launch part though
0,someone left a baby in a box in phoenix yesterday sick fucks
0,is off to go and watch jaws 2 in my room so no internet damn
0,just woke up ive been asleep sine 4 hah i dont feel good amp the people i used to steal internet from moved so text instead of m
1,i had this song on my mind yesterday too
0,24
0,i hate sundays
1,it s beautiful in stockholm now the sun is making me broown me like
0,so guess what mom is missing meeting ends at 2pm i called it ending at 5 someone should pay me
1,o rite awesome lol dats a gd idea lol xo sooooooo we put the www djaaries com fing on our bebos myspaces facebooks etc
1,my take that tickets have arrived hurrah
1,taking my piano apart prior to tomorrows tuning musiciangeekery
0,watching thank god you re here wishing my head would get better please get better i hate feeling like this
1,hahaha you may tweet me hun x
0,opted for a corona it was a mistake my headache just got a million times worse
1,good stuff
0,say it isn t so really sad now
1,and after all you re my wonderwall
0,is about to take my daddy to the airport
1,trueblood and dexter should be back within weeks best shows ok maybe not ever but currently at any rate
1,there sure seems to be a lot of cromarty in your life today hope the weather stays fine for the fence painting
1,thanks 4 including me in your shoutout
0,home from the awesome eddie vedder show wish i was going tomorrow night too
1,morning i have messy hair and it s wet time to get dressed science history r e and music exam today
1,help i m getting addicted to twitter working at twitting at the same time
0,sorrrry poohh beaaarrr
0,i know
1,i love my life but i m tired so i m going to bed goodnight twitter
0,missing work to take care of a sick kiddo
1,noooo d i mergesorted by partitioning them but when i got bored with it i d move to a different shelf and heapsort
0,lance i miss you shay is getting picked on too much and crying about it come home
1,i can smell the sunday roast being cooked yum
0,just finished the first day of training with sir manci learned a lot today and the training was great back to work tomorrow
1,seems i m not only going to ocean terminal today with my sis but also on a picnic with my aunt uncle and their new puppy
0,i guess mikeyway mad at me because my message to him he made update a little i felt guilty myself about hope im wrong about my thought
0,loooolll i was wondering whooo the hell was that i called back at 6 am but it was busyyyy what s up my love
0,loving the new tat but hating no pool for a week
0,oh no where did u order from that s horrible
1,hmmm but still better to have quality
0,schools over finally claire left to go over seas today she ll be gone for like 6weeks ill miss her sooo much tear
1,and the day has begun
0,i miss my friends i miss my family i miss my old town i wanna back home i dont wanna be here
1,i personally had my fill of the sister mary margaret s something or other 12 yrs of catholic school so done
0,eh up you we are talking saab 9 5 se estate too had to get a 2 0t as insurance wouldn t touch poppet on a 2 3t
1,lol i like challenges the more impossible the more i want to try
1,love spain it s so much fun
0,just had a shower now watchin sum crap on tv
1,oh no best stick to flipflops tomo i will love the dvds guarenteed me and gabs have scheduled next sat night in for a festx
1,now i am
0,oh no i thought both would be cool guess i m not cool w the 4yr olds lol
0,i don t feed into bullshit sorry awwwwww what a cock succer
0,i have a feeling my reduction in followers is because twitter is starting to delete spam accounts still makes me sad though
1,i ve been laying awake in the bed for a half hour maybe it s time to get out off bed
1,ahaha muy bueno the lion sleep tonight
0,still hav my cough now it mite be bronchitis bec everytime i cough my chest hurts so dont lik doctors
1,i need a nap nick has another round of hanging out tonight i need to be prepared
0,it is a beautiful day here in e lanisng to bad i am stuck inside studying
1,in n out is heaven sent
1,for my very short followfriday some new tweeps that i have found very interesting sdartjournal dwellephant ranchovalencia
1,i still have the blackjack
0,mian jaefoo u knw i will if i can but cant 2nite
1,the red sox got a home run
0,i'm bad
1,bad memories oh well ingat as for me i m off to church ps bring a journal and write ur thoughts
0,why are my followers fluc tu ting should my tweets bring more bling
1,g day mate
0,the book looks really cool and i really really miss the show
1,yup am now complications were had so am home mending now good to be out of hospital missing the endless cups of tea tho
0,layered tech epic fail
1,today s great okay er than yesterday i hope it will soon be better thank you for the people who supported me i love you all you 2 r
0,he was so sad tried to hold back tears at one point
0,here at sixx w the ex lol missing my boo
0,to triste
0,good morning i woke up to my boo leavin me wat im i goin to do for like 4 days im miss you already
1,i know we need it but i m not a fan of daily rain humidity amp i m a native i ll enjoy dry while it lasts
1,right i am off to the hospital seeya later
1,souljaboytellem maybe coz of hight hill tc
0,the place is covered with little white and green threads the dog totally destroyed her rope tug toy i wish the vaccuum wasn t broken
0,no no more unless i win irvine tix or break down and go to another concert
1,if you find any let me know all i ever find is manga
0,never went 2 sleep and i got class at 2 i need 2 do dis homework errrr
1,metro station are in philippines fly me home
1,was up to early this morning went to the tip and everything feeling tired now feel a relaxing trip to the pub coming on
1,off to the garter ceremony at windsor castle
0,only problem is that tiff files can t be larger than 4gb
1,britney tickets have arrived
1,and i do love mars planets loved them before they were out in germany british shops are the best
1,good morning feeling a little snarky this morning how are you you you and you
1,the better accent is def scottish
0,aww 5me i miss you too i wish i were there have you had any calpis yet drink some for me
0,why arent you guys coming to torontos warped tour date same with atl whatta dissapointment
1,going to my aunts yay be warned she is a facebooker we will have fun though
0,ahh i can beat that support ticket to twitter jan 26 confirmed not fixed mar 12 they marked it fixed no change on problem
1,you get a concept here
1,awww well sleep well when you fall asleep
0,i think i d enjoy it more if it wasn t so smoky but we ll probably go
0,sorry boo who s wole bucknor
1,eating pijahat with aileentanaga boya jenni and erin
0,speaking of which ha no some fool ate the curry so its porridge amp toast for me
0,awwww what s wrong with ur doggie
1,yeah it s not an easy time out there now thankfully there are good ppl like pinkslipped and pinkgift to help
1,going to the grove park inn for lunch
1,good talk with mom now off to spend time with some friends
0,cat nap didn t help
1,fuddruckers with gcmilatzo
0,5 weeks is a long time
0,feck i heard
0,off today and it s supposed to rain wtf just my luck
1,good morning how are you thank you for the followfriday
0,aw hope you feel better soon
1,listening to i m free by kenny loggins i lt 3 the 80 s
1,i know sleep is so over rated who needs it right
0,why arent you replying on msn
0,dont think it s broken then so thats good put ice frozen peas on it lol it will always play up now got a weakness in it
1,excited that wristcutters is finally on on demand
1,no one on twitter has goodsex you can all pretend
0,i read the first book and i could feel the literary aids engulfing my body
1,off to explore buffalo by foot
1,i ll be tweeting 4u during the 48hr tweetfest to raise money 4 schools in kenya ethiopia 17 19jun ghni via jjnextgentv
0,what happened
0,needs a new home
1,sleeping finally
1,going to simple simons
0,it got moved to monday sighsigh
1,lakers you deserve tp celebrate all year
0,i am lost please help me find a good home
1,back from the blood test now i get 2 eat
1,is listening to music
1,sweeet now that s the kinda news i wanna hear haha
0,still at work
1,vote for mcfly www musiqtone com they are catching up
1,we ll be filming tweeting blogging so you ll be able to see all the doggy guests
0,yeah both were really hard i thought
1,fine there are so many movies 2 anticipate especially quot harry potter 6 quot cause that s shown on my birthmonth wooot
1,twitter often does weird stuff
1,love the twitter handle is this intended to provide support for all bing addicts i feel like binging on bing
0,why isnt anyone tweeting
0,i am on sofa with a migraine
0,what do you do when you like a girl but are afrad to ask them out i ve never had a girlfriend yet
0,i need you
1,haha aww it was awesome either way so i have the plane ticket for new york and it s for a whole month
1,well then go for it
1,going to the car show today cant wait
0,yeah i have these extra strength things my mum takes for her leg and no chemist will be open when i go god
1,now that i now you re an owner i ll try it out there s one here in roseville ca
0,i have a summer cold great grrrreat i feel horrible
1,in yearbook class wit thee homegurlie vicky monday uggh soo mondayishh lol but still fellin awesome
1,thanks i love the word crikey it s like my sayin
0,where did you read that at
1,hi sweet pea
1,looks like you guys were having fun
0,no 19 i d assume they d check if i actually did win something
0,sadly nothing is safe from spammers and or marketers
0,wow i just watched the mtv movie awards on there website poor rob during the kiss i hope that was all intentional
1,loading watching nothing but the truth
1,just had lunch lol btw good afternoon ppl
0,is really hungry after not taking afternoon tea to work today
0,suzzzanna i was having awful dream that husband amp i were getting remarried but everything was going wrong at wedding
0,wants to go to disneyland
1,eating my favorite cereal
1,oatmeal raisin cookies
0,oh noes slow internet ftl pets shares some of hers btw i got glee in the mail today yayyyy ty bb lt 3
1,last night was great fun weezer is currently soothing my hangover
1,haha no way i hope u dont get lost its practically life size
0,on the phone with my baby i miss him so much
0,holiday i don t know whether i should go
0,the whole waiting list thing is scaring me i m just praying i get in january let s just hope 77 is a lucky number
0,big dose of nothingness for dinner i hate missing the gym
1,how is everyone on this fine monday what is everyone s opinion of the new wolverine movie
0,ok so everytime i read twitter i so want to be a superstar
0,im soooo bored right now
0,bigger bag broke jumping onto tube which then trapped my foot almost lost my flip flop
0,i ve been a fan since the first album and heard such great reviews of their concerts hopefully i ll get the chance again
0,kirsten is never up in the morning and i think she is mad at me
1,annnie babes i have to revise for busman give me sympathy hahaha
0,needs to refilm her audition sound is too quiet x
1,listening some music
1,nice poster annd yall say quot limited capacity get in line early quot would you sell tickets early i want one
1,oh soo sleepy at trabaja grateful for the morning desk call from padre
0,cuddling with sammy before i leave him until sunday my baaaby
1,por fin viernesssssssssssssssssssssssssssssssss
1,i must have viewed that picture of me and alicecsws from saturday morning about a milling times x
0,my exams just started boring
1,morning good for you good news on the smile front
0,dammiitt i wish i had mtv
1,lol i probs would have slapped him too stupid teach xd aw thanks your sweet
1,arrived at funchal very hot and beer cold pics later
1,being on cellufun on playdates with my pets
1,thank god because i need that starbucks when i eventually move to lincoln park miss yous
0,finished the last of the 7 seasons of gilmore girls miss the lorelais already
1,i wish
1,oooh have you room for one more me that is xx sends yellow rose in hope
1,awesome well have fun in nz
0,naw are you
0,chelsea best show everton whats good im dreading the barbers if they don t
1,good news bears repeating huh lol gotta love the crackberry and all it s quirks
0,hate living down here in fl missing ga like crazy like they say you dont know what you got till its gone ga on my mind
1,diversity wer brilliant tonight so happy they won
1,long night of partying aheadddddddddd love you laura
1,everybody check out itstyrab s song quot you givin me a rush quot its amazing amp its a version of paulaabdul s quot rush rush quot
0,le sigh riggens that make easy shit hard
0,last day in vermont
1,you guys
1,sleep well and don t forget to air out the dog
1,of course it s you you tweet all the time and you ask the coolest questions ever you should win
1,can t wait to worship with you guys tonight it ll be so much fun
1,i wish you want to fly the team up
0,yea
0,what is common between chidambaram and george bush
0,that was uncalled for
1,mad late but good luck
1,you might like this
0,try 90 4 next 3 days o yuk lol n e thing poppin sn
0,had the worst experience w auto pay don t recommend it in 140 characters 700 was taken out of my a c amp took a month to return
0,keeping my friend and her children in my thoughts today as they mourn the loss of their husband father who suddenly died yesterday
1,thanks i m happy with how it turned out
1,the glasses make you look coquettish
1,almost done with my sis hair just ate mcdonald s and am having my fav vanilla iced coffee
0,super annoyed i wrote a blog that took me 2 hours to write and its gone now and i didn t get to save it
1,fine its ours
0,nothin bored
0,are we heading to another service it s not showing up live for me
1,lol i love ur sense of humor i d better nevr let u find out bout my most embarrassing stuff u ll nevr let me live it down
0,i totally dont understand my new phone at all
0,are you serious biff
1,hmmm yum btw why you have so many tatoos not like i hate it or anything lol x
1,just sitting here watching my babies life can be amazing afterall
1,hope you feel better
1,that exciting huh
0,spent evening looking after suki doggy shitting herself everywhere falling off the decking into ditch and whining amp running into things
1,haha sure doritos are yummy especially chilli heatwave haha xd
0,and sometimes u get taken advantage of a lot by your own kind
1,ooohh but a good quot d quot and well worth it whoever came up with that one is a genius
0,i m so bored i wanna go homeeee
1,yay party tonite tried getting ready for it last night but was so tired it least i know what i am going to wear
1,oh i m a girl and gaming computers are awesome they support better graphics and sound so games are pretty and don t lag
1,are you eating out just posted some great restaurant deals incl free meals
0,they re both dead
0,oh no way you can t do that sooo unfair
1,well good luck
0,lol definantly not hot haha and i would for sure cry if u kicked my unhealed boobs
1,hey wats up i hope all goes good 4 u
1,awww ull get it soon enough
0,i think i m way more awake than i should be this early so excited to go out tonight not so excited about and lack of iphone
1,we know that but some 2legs are not so smart
0,i am lost please help me find a good home
1,aww thanks its getting better yea how are ya so far lt 3
0,well i will have to goo soon
0,beautiful day too bad i will have to study
1,my mothers day has been very chillaxed
1,cool nachos have yew talked to jayk or any of chur friends that chu might of mentioned once of twice
1,i like to remember it as m goes with m ie mallory weiss is the mucosal tear then the other one s the other one
0,ill come in and stalk you sike i live like 4 hours away
1,yup i am working today on my way down right now and gonna stop at timmies as usual
0,wish i was there
0,when talking about peter and london makes me miss london last summer so much
0,i really don t wanna be a vampire loving tween
0,this mood is more shittysweet then bitter at least it s finally gettin fixed ugh
0,hey u no not yet soon maybe tomorrow
0,quot binthia quot is serious now she hot really quiet and looks mad tired kinda feel bad cuz she had to drive after only sleeping a few hours
0,this is the awkwardest thing ever he is weird bekki and needs a shower haha
1,i m talking about them come on lions lions
1,remember me
1,i have dual monitor osx and dual monitor win 7 setup to clarify i can use the win 7 duals but only 1 mac
0,my wisdom teeth are coming in darnit any home remedies that don t involve cold metal objects used to remove body parts
0,omg that harper s island is totally gross 1 episode amp 3 people died scary haha i m really tired but i don t want to sleep
1,maiasky girls are we having dinner on wednesday with mels and pews
0,im quite bored and my iphone update is delayed until tomorrow
1,chillin should be sleeping i miss you hun
0,waiting for a movie to load this is taking forever
1,naks in my case i m endlessly addicted with my new mb pro
0,nopers dreadful i know
0,hopefully i ll feel better by tomorrow i might have strep
0,headache still not lifted additional symptoms looks like pill popping all day
1,is enjoying the beginning of her summer
0,the song what if by ashley tisdale explains how i feel with my love life right now lt 3
1,so tired waking up at 610 d mathh finalll then win then home lt 3
1,happy travels enjoy ur last days in the uk amp can t wait to hear about ibj amp geneva
0,home from work was missing my maddie bug now off to put clothes away and make our bed maybe sleep in it tonight
1,yeah just wrote something just published it actually have a third glass of wine left bed soon i guess how are ya
1,hell yea cutie
0,have to get up early for school tomorrow too tired but i know i ll be able to do it anyways lol
1,thanks to everybody who voted i won t be bothering you all about this any more
1,hi bill thx for the follow you do a lot of affiliate marketing ever tried mktg your own thing
0,ok you win on that point
0,don t think i can get anything right today
0,ahhh i cant go but i ll go to sf tomorrow wooh cant waitt
1,woohooooooooooo is stalking ya
1,my kitty s so snuggly and designed to sell is on what else do i need hmm maybe some food
0,watching lost and then i got to v cover 150 pages
1,christmas t glinda is the good witch of the north from wizard of oz
0,sorry to hear that martin give her my best
1,thankyou for being human not just a hollywood robot ur a legend babe
1,heh never i ll never go red commie mwuahahahaha rofl
1,i need sims three ahh pete wentz birthday yday every sims addition for ten years of age bless him h i love him
1,she s cute
1,yeh so excited xxx
0,after security scare we re now forced to sit in locked office not doing much for legit visitation or air circulation dang thievery
0,everyone s talking about the goodies at bea09 i wanna be there
1,hey low mitchel awesome music woot
1,on my way home from movie anyone coming over
0,in my apt work was crazy today
0,hope you rip saschas ass in your next song he was well out of order for doing that to you
0,i really want to see boys like girls tonight
0,my soul no longer has the desire to twitter because natalie and tim can t see them from their phone
0,i hate mornings even friday mornings wish i wasn t so tired
1,just met a friend i like she s one of my friends i went to franbe with talking with her made me happy
0,fighting over the avaliable washing machines at my apt for the last couple of hours stupid lady has been using them the entire day
1,luckylucky boy my bf and i broke up the distance was too much so happy for you rock that boys world
0,we re getting violent program randomly decided to hate us when we took a break to get food
1,here is a new art piece i m wrking on for fun let me know what u think
1,oh wow that sounds awesome i will spread the word and set my dvr
0,i m extrememly lonely right now everyone is out and i m stuck here doing maths revision against my will boo
1,need to get an intel based mac 1st but this impacts on dual core vs quad choice latter probably better for virtualization
1,is watchin her burger n chips being cookd lol x
0,can t think of him that way any more or at least i try not to lol
1,wow i will need to adjust my sleep or just wake up like this at odd times well i do that anyway its how i roll hehe
1,installed windows 7 on laptop so far its a lot better than vista think xp will finally have a successor
0,i love ur new default its soo pretty but how come i cant listen to this song on myspace
1,following p nk l l
1,thank you
0,i broke my arm
1,bostons with some fabs
1,and that is why jeremy did not ride the bull although i told jeffx offered 500 to do it i said make it 1 000
1,hey i know you
0,they searched my person too one grabbed my stomach under my sweater that s what i get for wearing a sweater in snowy weather
1,damn i haven t read any more of breaking dawn but i ve got loads of piano music might just go and experiment with them
0,no idea toffler doesn t look all that bangkok related either
1,thnx 4 appreciating
1,woh nothing judgmental here just a pure guess retrieved from 140
0,how awesome lol i guess they were good but it could still be better
0,is going to be so sad when her friend moves back to land o especially since i can t drive until aug due to this bum foot
1,wow with no source for organic bean or broccoli sprouts i think that donut needs to be chocolate covered
0,tech theatre owns my soul
1,watched the new moon trailer just then now just have to wait for the next one
0,wtf is going on with the chiefs getting smashed at the 1 2 way point of the s14 final
1,that s because im almost never on haha just dm me sometime and i ll log on
0,ahhh i loves you too david xxxxxx miss you
1,had a great time last night skyy vodka does the body good until the next morning hehe
1,ohhh and and and haha lol swag igotmyswagback hahaa honestly i feel flattered
1,just went shopping with miranda and found my perfect dress for johnnie highs
0,i wanted to go out ahhh pooo
1,accompany zakir to do his passport today 4 cousin wedding on saturday need to eat more i m getting thinner again lol stresshead
0,damn you that s properly unfair
0,ahhh noooo now everyone will know i m gullible
0,is back to work squarespace
0,i m emo because i can t be part of demi s music video one of the saddest days of my life
0,that s one of the downsides of my job no stock dealing shealing allowed
0,no ff for me this week as im only working half day and no iron and timeonline is due by noon today sat shift is on this pay
1,it s not sad kinda like finding 100 pesos in the pavement which never happens to me
0,hey everyone so sorry for abandoned my twitter but i promise leave not my abandoned twitter
1,i vow to be better with time management by the end of the summer
1,either way it ll be exciting for them
0,up an idk y
0,shivaranjan arjunvj waat lag gai pairo ki hopefully i ll be able to run soon
1,is heading back home this afternoon after a great weekend up here
1,y all are lame with your non avatar twitter accounts stick a picture up for snarf s sake
1,hahaha thanks katie
1,i should hate you but i can t so i will not buy your album na lang
1,vienna bounce bounce bounce
0,cant believe nadal out of french open but i am happy federer its ur turn now
0,that is just too sad and horrible
1,in fairness he smells good
0,mtv awards are not on in my area
1,lol exercise yes brain gym yes i did
1,i know i m overdoing the anchorman thing but goddamn i just had to get that one in there it was too perfect
1,yay william i saw your video and i m sorry about what happened i hope it gets better soon
0,i need a hug and less cynicism it s making me depressed
0,espn bought the football from setanta
1,lol she is definatley insane if you couldnt tell from the start then you wernt paying much attention ppl
1,will be away for a few minutes now lunch hehe x
0,you met the fans on wednesday at hilton s bar meet us haha i know you tired but we spent lost of money here just to see you
0,working on a powerpoint presentation for work with lots of excel diagrams just don t have time and peace for this kind of work in office
1,anytime girl i got to go eat breakfast and finish gathering my stuff for school lylas
0,ugh just got out of work i think i m a dang taxi for ppl but i just can t say no o well its my fault
1,mmmm slim fast and a fruit cup yummy breakfast
0,our red tail hawk has to go to a rehabilitater now
0,sore as helllll mothers day though i m not a mother no presents
1,spread the cheer today s a good day
1,gt quot street dreams are made of these who am to d sagree quot 4th rty love th s song
0,i just got a screencap of your followers at 496 000 or so omg you re either so close or twitter is messed up again
0,i m up early i wish i was going to bamboozle
0,i m sorry have you talked to her much in the past i m jealous you got to talk to her ha ha even an argument is good
0,hey tom i m waiting for you back to brazil cuz i didn t go to your last concert here are you coming in october
0,exacly
0,i m sorry i had to cancel earlier my dear i would invite you over now but i have a feeling it s too late feel free though
0,sorry i didn t know you were dvr ing it
0,writing an impossible research paper that is taking about 5 hours more like 7 dreading the other 2 essays i have to do nexttt
0,nooooo i reckon alan likes it it s different it s a risk he likes risk takers c mon yas
0,out of my favorite rum
1,cali breezy yea i can confirm that i have reduced over 1000kb in size already what a wondeful news
1,grad party time
1,thatboy your welcome i like your posts
1,now holds the guinness world record f m one in 20 million
0,i don t like tim with a moustache
1,yeah they are quite uncommon i only know of them thanks to gran turismo
1,finally got twitterfon up amp running
1,thanks long time no tweeet mr billiam it is command r
0,just got on to do college work thinking bout my baby darnell
0,is sooooooooo sore like everywhere hurts
1,yay twitter is back i m glad i was only awake for 4 minutes of this maintenance crap
1,why is comfort food always bad for my health had the avocado bacon cheeseburger anyway to help concentration
1,cocabeenslinky did a really cool thing with a bubble video that might be worth looking into too
1,my dog is definitely cuter than yours
0,the image isn t showing up for me
1,jakob sveistrup concert friday next week
1,ah how lovely i hope you have a peaceful and relaxing day truly cannot wait to see you in australia x
1,lol no im not a quot logo designer person quot per se lol but i happen to be good and everything but a pro at nothing
1,yeah we see you struggling lol look after my lovely hiphopnonstoptv xx
0,omg my bff just said he wouldn t kiss me nasvegas
0,which is why we have a ginko tree just nowhere to put it it was a gift and it s still in its pot
0,i blame josh amp bff she was sick earlier amp so was josh
1,have a safe journey am sure it will be better than the last travel attempt still hoping i might see u in chicago
0,them long nuong
1,have to disagree with you there my friend i m shouting for the toffees 2day
1,welcome moma to twitter
0,aw sorry to hear that and it seemed so full of life yesterday tbh the usb went on a friends winmob phone hmmm
1,got the album in the mail today amp a poster its amazing hey baby amp turn right amp before the storm are my faves nicely done
0,taking my sister to the airport
0,why r all good things depressants lol the only times my mood swings madly is during r ship issues i got reminded of it today
1,what and yes i will make sure there is at least 10
0,my cat pulled on the electrical plug until it was halfway out then zap poor girl now she s skittish and needs hugs and attention
1,i loved your photo of using the half pipe looks like an excellent way to spend the afternoon although i d be on the bottom
0,thinking of this problem i dont know whats going on actually
0,that s so not cool i am sorry for you as a portuguese canadian woman i would like to offer my apologies for her
1,enjoy the view do you have any more pics to share with us
0,ooooo that sandwich i had just isn t sitting well haven t felt good at all today shouldn t of eaten
0,awwww my poor muffins i had to make those and i didnt make them for the cat he took the whole freakin bag and ran away aw man
0,i went to that concert and i remember derek and mark were hosting i miss seeing bhb at the grove
1,aaaaaaaah that sounds mental
0,nothing that interesting sitting at boring dead end job
1,has good girls go bad by cobra starship and leighton meester as her ring tone
1,cool interview w dono talks about your philosophy on life round 6 45 in happy bday again
0,yeah i know and yeah it s pretty good
0,oh man i read all of your tweets of jon and kate you guys were right this is tragic sad oh man
1,thanks
1,thanks no wonder i couldn t find it i ll take my out of the mattress now
1,oh that s cool my ex had a band so i spent a lot of time home alone at least you re bein productive tonite
0,doubt it it s a sturday night not good
1,going outt for supper tn happy mothers dayy
0,foolishly i typed m rketing in my last tweet but with an a not an now have a shed load of related bots and or twats following me
0,is really taking life hard right now
0,i love bobby longs music although i can t find it anywhere to download it
1,you could always go to seattle i think they should have some cool places
0,waiting for my laundry to dry in nephi ut yup it s 2 47am
0,that makes me sad that people would be mean to their puppy cause it was acting like a puppy
1,didn t know you were watching the new dr who i like the show and the dr too
0,so so burnt
1,just got sent home from school for being to far ahead despite missing 3 weeks of school woot
0,so i just watched the video by taylor swift quot you belong with me quot it s so cute but happy ending don t happen that often
0,is tired but have to do her geo presentation
1,is lookin 4ward to a long weekend really dont want to go to work 2day tho x
1,morning world it s a beautiful day here s hoping for some pathetic fallacy
1,did you see the dinner photos that i send to you
0,i wouldn t know how to
1,i think this brilliant performance summarizes my thoughts quite well thanks lifo
0,still not feelin this tweeting thing
1,i know the feeling so again i have the confirmation coming from you it s not just me
1,surfer s paradisee
1,great dinner tonight mozambican prawns
0,needs help from a wordpress theme expert
0,bonjour jet lag awake so early i heard the ny times hit the front step that s bad
1,whoo ah whoo each night we have a walk it almost breaks my heart because im so afraid we ll have to part
0,are people protesting and getting shot at how s that back feeling rusty x
0,i know exactly how your feeling im curled up in bed right now witha hot water bottle not fun haha hope you feel better x
1,paul scanlon our senior pastor now thanking everyone for contributing to the best cherish ever
0,mann imma b runnin around all damn day i just wana sleep
0,lolllllll yess that was yesterday i would meet her after i was soaked from the rain but sunday u an i texted u
0,i got 8 blisters in total from wednesday s 2 hr escapade
0,studying i have a few of exams those weeks plus i have an headache
1,its 6 36pm in the lovely albany what time is it over there guys love to here from you
1,ooh sounds like you did good
1,watching camp rock
1,the new moon teaser is great it must be the new director jacob is a hottie now i wanna see the rest of the wolfpack though
1,the brew looks delicious
0,is working and bored
0,no people on mmo forums are saying its taking from 2 days to a week wtf so much for playing this weekend
0,no thyroidal problems i have to see a neurologist as apparently i m twitchy
0,my nose got sunburned amp now its peeling ewww
0,getting ready for work i m tired of smelling like fries and looking like i had a fight with a milkshake no not mcdonald s hun
1,yeah normally i do when im out with my older cousins but my parents are just stricted but im a junior class of 10
0,that sucks sorry not that it helps
0,probably just different welcome to proprietary driver development
1,everything bagel perfectly toasted yum
0,how dd i miss you all wk and you did a show w my our dear amp loving friend divinepurposemv i missed it lt 2 ff musts
0,it s 8 40 am and i have already finished my first half hour of work don t know how i did it brain is still half asleep
1,im putting skins on my ipod
1,im taking a break from mileycyrus gossip and justinmgaston mustin news besides i have a big test and don t need to thing about her him
0,omg really she is a persistant one
0,sunday night getting ready for bed and a full week at work
1,amp amp i ll confess that i can be a lil selfish smile
0,cheer up
0,yeah me to
0,if they don t win i will cry lol just kidding but seriously they have too
1,google wave is the best
0,the truth is aku ga tau caranya add contact
1,if so can you share that tupac memory with us
0,at home and bored as hell the lakers 2 2
1,thanks for the follow bro
0,i think i have an eye infection
1,what a beautiful night to look up at the stars i think im gonna lay out on the blanket and do just that i wanna see a shooting star
0,spent the day updating my portfolio i m getting scared about this portfolio review day on sat 4 hrs with a bunch of total strangers
0,at work my head hurts a little due to my neck i hate when i sleep wrong
0,and i luv it but i m very hurt that only sam goody had the album in my city and they sold out
0,but i just figured it out now i feel like an idiot for not backing them up before
0,once the concert stories start rollin in i might have to go into hibernation
0,can t find anything nice to wear to da beach
0,just used my new devacurl diffuser love it 5 stars not liking my new hair cut though a little too short
1,maybe someone on here wil recognize him
0,you re not going to be a professional blogger i have mixed opinions
0,off work burnt a chunk out of my hand from the grill
1,buon giorno after a marathon day yesterday i don t think the jet lag will be too bad coconut gelato is currently my favorite flavor
1,sounds great
1,that s so cool but too tempting at work
0,wishing i had marvelous misadventures of flap jack on dvd
0,to atascadeo again for practice text tweet myspace
0,i want to go home
0,i think mr brand that u at least owe us a few tweets after abandoning us uk girlies for la xx
0,no more ben it will be a bittersweet show will you be there
0,it s monday already
0,awww i told you when i would change it i suggest you try to get in touch w dre s people lol
1,ah mate enjoy we ll be thinking of you from the stuffy halls
0,i still don t understand you n what is going on sigh esp w all ur confusing quot i miss u crap quot i am pissed n in love w u at the same time
1,at universal
0,i hope i dont fail i hope i dont need my palmcards to much i am getting off sooon to practice
0,so upset that spring break is like over
1,a squirrel says to a tree quot i did not store any acorns for the winter so i am dead quot it is funny because the squirrel is dead lol
1,lol nooo i ve been on here for months and have a way worse attn span but ok maybe watch out for me
1,welcome back
0,i can t buy the album i m sad reason australia need i say more congrats tho and all the best of luck lt 3
0,hey twitter fam how is ur weekend goin mine sux so far bcuz i caught a cold i hate being sick
0,dude i wish i could come up this weekend sounds like a blast but i have so much going on
1,of course as always jerry wants some tweaks to the covers bah it wouldn t annoy me so much if he wasn t right
1,going to sainsburys n then cutteslowe after by the way this message is sent through txt not web x
1,damn procrastinators always behind get it done so you can get out there tomorrow
1,that s awesome
1,lol same here man well i m glad you still have time to drop by and hang out with us buddy
0,ahh too much work im gonna have to skip walking home for lunch to watch cartoons
1,if two cars roll up with cheney in one and a stranger in the other i ll tell my kids to always go with the stranger
0,crap steve jobs had a liver transplant oh man thats not good lol
1,mojitos are really good hanging out with the covas family for brittaney s graduation
1,right after being distracted by loadingreadyrun s wiki ive decided to start getting on with some of weirdo films video stuff
0,does not like the heat i think i have been bitten and i can t stop sneezing
0,right off to work only 5 hours to go until i m free xd
0,i hae this game lol
0,susah emang long distance ituu huhu aku juga ngerasain
1,well i said that cos obviously shaun lt 3 s himself alot so i lt 3 you alot hahahahah
0,tough choices pay my phone bill or go to new york unfortunately they are both the same price
1,just back from bingo w family i won over 1100 fun night
0,that s so good of you kins unfortunately in the words of darcy quot my good opinion once lost is lost forever quot
1,travisfitzwater carlton better get on it i just lapped him 2256 followers as of this morning travis i m comin for ya
0,no rain in phoenix tonight
0,you missed a great opportunity to give me a shout out in the show quot who s scared of a controller quot quot hodgi might be quot
0,sorry i didn t see it message jillian and ill explain
1,i can sleep in more yay
1,good to hear we are all here for u
1,mornin all slept thro bleddy alarm again i m sooo late followfriday recs to come later in the day have a good friday
1,work early emptied the dishwasher cleaned the kitchen and made coffee and its only 10 after 8
0,hmm spent hours with emma yesterday and a couple with sarah today so why do i feel like i haven t seen them in ages
1,kenny chesney concert was amazing i love sugarland
1,belgium s still the same
1,yeah glad you re infection isnt too bad hope it stays that way
0,how come you can t lol
0,i would if i could i m all alone at the apartment again tonight
1,realizing that my baby and i are thinking about eachother at the same time wow
1,eating at gateway
1,his song is my song phone boning
0,sat tomorrow
1,at work latte is now rushing through my veins hellllooooooo monday
1,plz follow harryrhamlin nice guy
0,oh bestie i admired your attention but it s really hard i m so busy hope you understand
1,thanks
0,debating the taste of forsyth activity rain is predicted for all afternoon
0,why is my programming teacher teaching us about mortgages
1,not bad closed station only added ten minutes to my commute i hate calgary transit lol things are almost back to normal
0,i wish we had more home movies everyone kind of gave up on them when i was like three
1,favorite party about last night getting attention from guys while you sat and watched
0,can t access google in china boo guess i ve gotta us ms s new www bing com meh
0,haha i growled at my dog and she tilted her head and gave me the wtf is wrong with you look then walked away
0,nope thats what i didnt get to have tonight
0,for reals
1,cant wait to get away for the weekend finals tomorrow and off to the river to get my tan on
1,what s your fav milkshake place in flagstaff flg needing a creamy delightful pick me up
1,sending out paper work to tax commission to have the process to get the title for my bike so i can do the major repairs
1,iphone sdk amp i are going to become friends today even if it kills me
0,i really need to vomit
0,is getting her hair dieddddddd i miss my baby
1,juz started tweeting after so long haha it s cool to be here
1,mm small cup of veg soup
1,yes odemagazine is on twitter
1,it s nice isn t it pets shelf of pretty books its just missing urs lol
0,scared just keep looking for a place im sure you will find something if i lived there and had my own place you would be
1,myweakness is music and i live to meet the people who make it
1,it s not my job to know anybody anybody says so i would immediately keep distance with them
1,excellent morning trying to take in the fact that theres only 1 more week left of school quot
1,thanks so much i just really wanna hear his commentary hahaha i m almost done watching all tv whedon i m up to spin t
1,is so excited for stef to come visit watch out denver
1,i have just decided my job when i grow up is going to be work for the jonas brothers and help create their tour
1,happy early birthday zack you ll be able to drink legally poor jack have a fucking sick day lt 3
1,friendly yes harmless yes classic reading girl yes simple not so much whatcha writing
0,saw walk the line tonight never heard much cash before i could definitely appreciate this why do i only quot discover quot artists after they die
1,but still tasty if so then no fail
0,you didn t finish your vegetables
1,ohh this heart of mine some day
1,today is not much fun but tomorrow will be much better even if i do have to clean the flat cos get to see people in the afternoon
0,damn its gonna take a long time
1,then jb wiill sweep you up and take you with them
1,i have good balance used to do martial arts
1,as part of your goode job shot you should come hang out here and talk wine thanks for the love
1,have fun
1,i take it back you called me last week and i said no you get a pass this time but dont let it happen again
0,i want more cashew nuts but my braces can t handle it anymore stares at the cashew nuts huhu
1,lmao woo hoo you made me laugh big time today thanks
1,i just hooked it up to my cell you just texted me
1,lol thank you love that made the boredom go away for a lil
0,unfortunately miss bickmore me doesnt have iphone so couldn t tell thee isn t settings at the tim next to find people
0,need to lose weight
1,you re welcome most enjoyable to read x
1,do it i ll follow and contribute
1,lol queenlizii maybe the queen does tweet
0,arrrgh at least you got into stats i failed diagnostic exam so i lost my spot
1,in buisness so excited to get my new phone and looking foward to this weekend having a sleepover with my best friend
1,ah i figured you probably were or kept a very punishing schedule
0,are you awake yes i know irs early but i cant sleep
1,just got twitter
0,i m hoping for rome everyday i m on call
0,last day off tafe today had to do my speech gaaah hate speeches but i m gonna miss tafe
1,want to swap
0,waiting for the call nervous anndd i wanna go back 2 sleep gotta work tonight
0,really damn hope he s not too badly hurt i should check out ontd more often
0,no prob on the sun heading your way btw a little restriction is exactly what i need i have no self control lately
0,you betcha too bad i dont get fuse
1,getting all the writing off of mee fun nightt
0,luv ur tweets they cheer me up at this difficult time mom s not doing well don t know what nxt few wks mths will bring
0,is sat by herself because her time management sucks
1,not sure my tweets will be up to usual standard for some days while i wake up
1,oh it is much better just not entirely perfect yet
1,going to fearlesslauren s party rocking to nickelback
0,yes yes yes stupid people unless it s my twitter use rofl but i use wi fi at home
0,well not done much today got work early tomorrow i started saving for a trip to disneyland orlando with the g f only got 3k to go lol
1,high school musical 3 quot you can do it just know that i believe quot sing haha this ish is gonna be fun
1,kelly clarkson is actually very smart and funny such a relief fb watching good news week
1,had waffles for tea today forgot how awesome waffles were
1,u know 1st date awkwardness twitter is just like that but the more you hang out 2gether more comfortable u become
1,hey saw your tweets excellent stuff follow me so we can tweet
1,also with runes keep it simple as possible
1,or sarcasm allows you to tell them what you really think while giving them the impression you are joking
0,yoboinewnue omg ya quot ll are so wrong lol i would never no newnue no
1,yes thank you very much it took some time but i did find the side bar view in the end randz10 nambu
0,hey twitters more disappointment for the fedex racing team
1,you re welcome google wave rocks can t wait to use it
1,lazy friday night with my chicas
0,i am wracking my brain trying to figure out what orchestragreen could be announcing adam is mean
1,put new strings on my les paul exam block is best auz so happy to chill and do nothing but play guitar l
1,submit
1,yawning is only good exercise for the jaw bone since the jaw bone can t workout with weights
0,noooooooo movie6 net is being shut down due to legal issues
0,just woke upp wanna go back to sleeep
1,at nyc south sea port shopping
1,i m so excited have a fantastic day
1,i don t think they make enuf bacon to feed our katalyst group
0,hee yepp i have to go to cottage soon grr
1,hehe the ts stands for my second name and surname
0,i wish they d release the full line up for t4 on the beach now too impatient to wait
0,thanks i just miss them cause they are at work
0,can not wait i will stay up to see what goodies you bring since i am still waitlisted for you tsv
1,septum and you are coming
0,starting to look fat again can t control eating habits
0,feeling sick going to beed nighty night
1,can t wait to see him
1,no santigold for me tonight work til 10 and i m off tomorrow
1,highland wildlife park today yeyyy yuri and sasha the tiggies shorrttssssss aye
1,ooh i might try the doodling thing
1,i voted for you hope you win some great awards good luck and praying for you
0,just finished day 2 of 3 day retreat good content but no web access and near north pole have to drive car instead of cycle
1,gonna watch the outsiders
1,i m really glad to hear that give him my regards
0,my sister woke me up at like 7 im tireddd i hope today is fun
0,well shoot i missed you too i was craving my compy so should ve stayed home
1,last night was well good charlotte amp imogens are awesome
1,yeah that would be so cool i want next weekend to hurry up now so i can do it lol xxx
0,poor dyno he s okay though he didn t get flushed all the way
1,more like mr fluman right now i think
1,you are very funny
1,i like this sms gt jkt arwan 27 halo laras mau request the whitest boy alive yg br dong kpn maen2 k kntr axioo lg hehe met siaran ya
0,man it s gone 4am here and i m still up working this is gonna fuck my sleep pattern up for the rest of the week
0,well i have math english and biology this week then a week and a half off then 7 more exams and get better soon to your cat
0,pleasseee i need it
0,that s kinda mean we try at least
0,twitpic on twitterberry s not working says file type not supported
0,nothing to do
1,kaathaala romba bore adichathu athan hws t hot hot weekend
0,only have a few more minutes
0,i swear i just saw a dead guy who had gotten in a wreck on his motorcycle
1,whatchin baby mama with siser and broder
0,yes but i can play while i work with this iphone i smashed my screen on sat ok add me in facebook lady vivienne mccourt
1,i started off just messaging new peeps that appeared on old account but then thought may as well work my way back
0,wow who doesn t love me mama doesn t
0,whoah i m starting to miss him
0,hi ali i can only dm you if you follow me sucks huh pm me through ekm if you like gaz
1,up was amazing i love doug the dog must get a stuffed one at wdw i hope to one day see my name in the credits for a disney movie
0,ah right i dont even know whats going on there i sooo need to read the news
1,so i like tofu cake and dirt chocolate and coconut water sounds normal to me
0,in the car stuck in traffic once again
0,has a really soar throat it hurts to breath n swallow
0,i work in a room in the middle of the office thus no windows we call it the programmer cave i can only imagine the sky
1,hey thanks
1,thanks for following me
1,still learning but always want to rock whoot hehe lol
0,ah you stopped following me
0,bored yesterday bored today bored tomorrow summer where are my friends
0,candice i dont mean to bother you but im really sad that u got released
0,okay so they re starting now ish button starting on six
1,will let you know i might grab one from drinx
0,wishing i could come to student life tomorrow haven t seen ya ll in about 3 4 years
1,oh my goodness i have been saying quot prophetess quot for years i think i even screamed it at a concert so embarrassed
1,depends which side will be either 20 quot or 31 quot
1,thanks luv keep the grind going like i know u will stay positive like u always do and pray 2 the nipple gods
1,thank you have a great weekend
0,not sure why i m awake right now it s too early oh wait my friends in the other room are early risers why didn t anyone tell me this
1,wow free falling 120 miles per hour in the air from 12 500 feet altitude
0,no internet at work i can t fix my resume and email it to the new spot
0,yeah we won t that maybe he won t hug me anymore if he finds out
1,sooo good seeing you
1,im playin my xbox ohyesh
1,hey lisa can t wait to see you in the us looking forward to pretty reckless as well take care
1,i went i went damn its hard to breath when its hot out im out of shape damn it tomorrow i start p90x lets see how long that lasts
1,i guess i should dye my hair tonight since herrea made it painfully clear to me that my roots are showing
1,i had forgotten just how lovely loratabs are when in pain maybe sleep will be in my cards tonight
1,finished the first day of bridges exhausted but happy
1,yeah never made it outside so about to go under the covers and will hit the streets 2morrow
1,hi survey seems working now
0,omgggg life is so hard right now i want outttttt
0,too much taste for whores lol ok i cant make it i need sleep hope i wake for work
0,we can but mine will most likely be a little late since i have exams of doom this month eeeeep so no hobby time for a while
1,thankfully there s stanley cup hockey on to help ease my bummed ness about phish go redwings less then 2 hours till the puck drops
0,is feeling really i ll
0,goodnight up early work 8 7
1,nawww 11 congratulations lyn z and gerard on bandit lee i honestly couldnt be happier for you
1,inspirebel i have been cabbing cos can claim from company muahaha i miss you guys too
1,camera shopping today
0,to all of my wasted days
0,sorry your saturday is not shaping up to be the best
1,my day so far laundry trip into town back home now am going to have a well deserved break before lunch then a visit to the library
1,very good manners
0,still sitting under the dryer my neck hurts
1,is watching a young red devils team hopefully we can win
0,who is going to the online fashion 100 party tonight in london i am invited but nobody to go with
0,sorry to read about your grandmother s passing
0,not feeling so great maybe it s the weather
1,i had so much fun with dyson at the races tonight i m excited excited about girls night in st loius
0,fast food for lunch
0,i feel like i m still in 7th grade i hate this leveling up thang if only we can just fail schoool amp stay 7thgrade forevahhhhh
1,i listened to the new song its awesome looking forward to some live shows
0,i fucking missed my call what happens then
1,owwwe is andyp in london yeh probably if it s anything like the weather here you say take a brolly i say take a cab
0,i know yoga at 4 30 pm today i seriously miss my amazon
0,on my way to work ihop tonight with ezelle
1,congrats james i m sure the book is going to be a huge success
0,bummer
0,im annoyd they hav blocked fmylife on the school computers
1,new love really
1,ofcourse u do but work comes 1st and u gon miss the big announcement
0,only 1 hour 50 minutes left of work better get back to it then
1,lovely day in abingdon driving to north yorkshire as soon as we ve got everything together hope sun stays with us
1,is perfectly cooked and delicious not an option
1,happy birthday
1,saw the hawks dustin byfuglien kris versteeg amp colin fraser out in the neighborhood on this kick ass thursday morn conference finals
1,lol we should start a group lol the slut sisters
1,bronzin my body poolside
1,lol who know the president could be a comedian
0,heading to aim to get my test done and then driving back to sd i don t wanna leave but i ll be back up tomorrow night love xx
0,they fell off sisqo s fan site is all janky now they are supposed to have a reality show or something coming out
0,omj my birthday is in 2 weeks exactally im not ready and that means summers almost over
0,im dying im gonna drink over 9000 gallons of water when i get home and sit in front of the fan mmmm
1,i get super geeked new school supplies makes me sooo optimistic
0,nite at the company
0,i ate half the tub of ice cream i would ve finished it off if it wasn t for my parents
1,you knew just what to say tonight
1,so far so good
1,remote i prefer to be on site there s no substitute for working with people in person
1,listening to my ipod to calm myself down bbl wit the replies
1,really i interpret it as yes i can do that amp not bother u further hav said to bosses in the past
1,i love you rachel this is josh
0,i bet this device is already made to i would not put it past our leaders to seek and destroy all humanity
0,in school on my phone again just got a top up so warm too tired
0,eww it s raining outside it was so pretty yesterday
0,i agree i m home on a saturday night doing hw
0,i just said goodbye to some friends hope i ll see them again tomorrow sweden
1,hllf i hear that washington is beautiful
0,the bow wow pics can come later i dont know how many bow wow followers i got but sorry not yet gotta let the day 26 soak in
1,thinking of school and blogging too i loveee robert pattinson
0,are you sure it s out already i don t think so in estonia this stuff is always late
1,i don t think so and maybe we should call the cat flugel after all i ve always wanted to meet a alcoholic cat once
0,i wish the fan event in tulsa was not during my college graduation miss you guys
1,brings back memories
1,aha now the truth comes out
1,i don t mind traffic when the weather is gorgeous and i have good music playing love today
1,ok i m off this time cya all later
0,ive gone thru 90 75 of seans i have no more monies
0,yep its acting super weird for me
0,i just saw this hahah deluca ate all my leftovers sorry
1,eatinqq beef patty
1,really wants to go to pinkkk lllllllll
0,i can t believe you wiid without me that s what i get for leaving the country i love you you re gorgeous i miss your face
0,beezzbeez want to sleep but just can t do it
1,good morning wish u will have a nice sunday
1,hi all book 29 rooms for any date in 2009 sale finishes on 31st may 2009 you need to be fast see
1,wow me too
1,for realz safe travels hope things go much more smoothly this time around amp that you are having a great day so far
0,dang i thought the jonas brother s were done performing but there was more dang i m an idiot i guess youtube
0,uh oh but is that not good its not got a hidden meaning or anything that i dont know about has it
0,hi can u tell me if u have managed to mail them things yet i have tried emailing u but with no luck
0,work sucks when your here all day
1,yeah and flock of seagulls haircuts
1,that s what i m listenting too a fine album
0,cant find my eurotrip dvd
0,is so not looking to thursday at all
1,lakers lead by six in overtime yay
0,i have no idea who those blokes are dcbigpappa dandyscopic wrhunt downtheticket dcbadger jwtrautman
0,3 in the morning im off to bed now nuit blanche is done
0,watching naruto and josh stole my fruit snacks
1,ahhhhh the weekend i just got home from drama so i can finally relax
0,i made jiffypop because we have a gas stove here only to find out it is loaded in trans and saturated fats i opted for triscuts
1,just came back from watching my brothers play seven hours of volleyball with jacquelinecano amp alex smith fun but very long and tiring
0,is thinking that laying down sounds nice but i don t like the idea of sleeping while dave flies over the atlantic sniff
1,and to clear it up this wasn t an insult love ya could you say to clear sth up also etwas klarstellen
0,damn it i m awake x
0,i prefer mindjet mindmanager to freemind boo
1,try adding changing bio it worked for me for some strange reason s
0,getting dressed for work so freaking tired
0,just had a tooth shatter last night nothing new otherwise loving the summer schedule lol talk soon
1,what am i doing what are you doing ppl talk to me
0,ass of a mosquito bite argh it s bleeding
1,went to a bar for the first time tonight my friends cousins own it so i got in for free jazz band amp older crowd but still really fun
0,exam over barcelona tomorrow just finished packing well my kind sister just did i want to see bruno
1,exactly which is why i suggested it
0,im seeing mewithoutyou that night in nyc otherwise i would go
1,i m going to miss you you are already in my prayers if you get bored on your 40 hour drive to canada give me a ring
0,ah bless craig i seen some the other night on e4 bb docu i felt really bad for him
0,i need more followers
1,violence pays is this case
1,did some summer cleaning of my computer removed 12 5gb
1,could you put up subtitles your english is quite good but your accent is a little hard to understand because you speak fast
0,owl city is playing at chain in october too bad im not gonna be here for that
0,workin the graveyard shift
0,your picture is so small
1,yes i really do
0,work was horrible so damn busy why why sore now
0,so am i and i dont know how to stop it its been the worst food too
1,i thought so hence mentioning them
0,also a good one too bad she s done for the season
0,bearly got home ugh need to wash clothes shower sleep and wake up early for summer school
0,thinks he s getting sick
0,hahar whaaat concert youu goiing too man yourr lucky youu couldnt go amp amp not geht me anything ahar
1,indeed i do then again we are esri nz estimating customers in nz should recieve it sometime in june
0,now i ll never win the hair lottery
0,embarrassed reality check
1,i have 2go me and julia going to city and we will have funny wohheoo see u
1,following lalights keep me updated for the latest dance scene event
0,i need dinner but i m still waiting for a fax from work also i have no food attn need partner who cooks i am inept lol
0,i have 19 days left and i have 10 exams left
0,yeah it is why haven t they put the grey one up
0,my high school french teacher died i didn t like him but it s still sad when someone dies
0,tommy 9th
1,at first i had my doubts that nextmedia tech crowd could pull off the party at aurora but damn was i wrong goodnight everyone
1,went to the dark side and rooted my g1
1,lol that s what i do too just travel to school everyday and fridays and weekends off
1,allright good night amp thank you very much hugs
1,magic is on aug 31st sept 2nd are you going
0,i wish i was home in bed naked
1,sweet me too i cant wait to tell the receptionist in the doctors office about it she likes hearing about our adventures
0,hugs sorry to hear most medics are morons we should be receiving better treatment than this good luck amp take care x
1,they should bottle it lol
1,the kansas city airport is crazy busy there must be like 500 people here pace of life cost of living that s why i m moving back
1,i think i start loving friendfeed
0,cant sleep go online hahaha bobbyden and faidchong misses you too
1,just woke up off to westfield in a while agaaaiin comment subscribe
0,packing up my room
0,i killed my beautiful hydrangea over the weekend note to self if u like going away for the weekends dont get yourself a hydrangea how sad
1,ok goodnight
1,wow google got dumb tonight seems to think harford hartford thank goodness for google ninja magic quot quot ftw
0,wtf no pounds lost since i stopped the lemon diet sux
1,are chesterquest runner ups invited to send you more recent samples i d love to see what you think about my current stuff
1,do you have a canon eos 500d rebel t1i come on take the camera into the pool and make pics
0,definitely or even just quot i ll call you quot they never do how was ur day xx
1,feel abit poorly but okay otherwise hungry tho as always you okay shiney boy x
1,or just be kind enough to write a guest post on my gadget blog about that iphone pleeeeez
0,new album rocks would love to come see u when u do ur uk tour tickets sold out b4 me and my friend could get em xoxox
1,just finished working out
0,where is the monkey island interview i can not find it
0,kevin smith speaking at carnegie hall i m too broke to go but still uber exciting
1,if you re happy and you know it clap your hands
1,awesome i have the camera they modeled this after it s the one in our living room along with everything else
0,nooope its long gone getting an iphone soon
1,i gotta say that is probably the most interesting query when taken out of context
0,last tonight show with jay looking forward to conan
1,working on a few images dahlin thats fun for me
0,going to chrio then for blood work blah i hate being sick i ve felt gross for the last month
0,i want to kill the ex at the moment but i d get in trouble for it
1,oh ok come 2 the venue early
0,leavin the r side soon i m actually gunna miss it
0,oh how i hate english lit
1,happy birthday hope you have an awesome day
0,i m tryin to play hookie from work but my boss keeps callin my cell lol
1,fresh
0,i don t get it
1,i know this week will be amazing they re like 15 mins away from me omg omg
0,my internet service blows bad
1,i want to see it again but with chocolate and maybe popcorn
0,omg i want food i m gonna be here forever
1,is shattered but happy that she completed the race for life
1,lt 3 when you guys doing a signing in scotland again there sooo fun lt 3 xxxxxxx
0,playing with a dlink dwa 130 usb wifi adapter on my macpro works but drivers panic at shutdown
1,he s quite hot actually
1,hehe good one
1,my internet will be up in a day or so once they fix the wiring so i ll be able to send then nice seeing you too
0,shame and you re so close to launching oh well the munney grubbers come out when they see a good thing like the your
1,lol so worth it
1,lol oh well in her job she needs to be awake more than the rest of us what have you got on today
0,bah exciting stuff from kimi wish he wasn t full of fuel though f1
1,maureen on screen
1,thanks for the follow x
1,it ain t over til it s over
0,omfg why am i working right now
1,i touched him
0,homeeee studying for like 3 tests tomorroww
1,goin to church
0,wait what sick
0,i made a video of me pretending to be a science nerd then im not fucked to edit it
1,well if you are ever bored i d give it a go
0,yes i do think they will
1,i missed wearing jeans
1,power advertisement how do you guys handle fax i want to receive them via email no hassle anyone tried myfax
1,happy homecoming so so happy for you guys
0,i am craving for japanese food
0,yes what a shame sutil is usually good in the wet
1,lol your welcome fifth element is one of my favorite movies and well star trek is star trek
1,work again only 3 more days then 2 days of fun at the track
0,oh no no class today i just hung out with an old friend from aau and it was just a waste of time
1,cash in a favor and send a friend to go get you ibuprofen if i could twitter it to you i would
0,it was not funny where were you swine
0,its pourin wit rain n my clean car is parked out in it
1,are westlife definently coming back ive been to every concert in glasgow and last year got first row for the first time
1,yeah i will be like oh she has swine flu and i found the nameof the year 12
0,joe and stella stop being so cute i only know disney is tempting me with forbidden fruit
0,ugh tooo hot fell asleep in the sun for 3 hours without sunblock on so now im uncomfortable and sunburnt
1,chat doesn t work but this social stream is cool and yes we re working drtech live gt
1,very pretty for a non lakers fan o
1,mel30rock gives him less time to sweat it it s been on the calendar big black letters for 2 months
0,please upload photos onto the fb formal group pls make my life easier
1,tonight was supper fun chilled with some this cute guy and two pretty girls undercover thats always enjoyable
0,jealous java programmer gt heychinaski
1,mary heath will be here in 2 hours
1,downloading some music
1,plan for today have a bath get ready eat get to the garden amp get drunk and then tomorrow it s my bday at last
0,riding train to work on a dreary monday morning
0,just slammed my finger in the door ouchie
0,caved in and bought some iphone apps sally s day spa sally s hair salon omg im such a sucker
1,hey lady how you been
0,aww poor susan she was hospitalized
1,that s fine better than keeping it dead right
0,wow 385 followers i only have 41
1,sia you are my favorite artist ever
1,hey my4brats long time no talk girl
0,forgot it s national running day and ran inside i m scared to do outdoor runs lately because of my stomach 4 47mi 36min 4 cooldown
0,shit i lost my hk debit card
0,is tired of putting forth soooo much effort and getting nothing in return
0,no chl in mail today got new fixtures for kitchen new light in bathroom and finished trimming 400 rounds for my rifle now to load e
1,the site recommends using ie7 and it works perfectly on the other hand using firefox makes that site quite ghastly
1,i m in my thousands
1,on the phone to jadeeeee
1,hi rizaness still euphoric about kris allen s win haha drooling over kradam pictures lt 3
0,bye phoenix loosing 3 hours is gonna be wack it was worth it though
1,i agree it doesn t match my eyes and it makes my skin tone look pale
0,ugh my mom took away half the cable
1,morganbritney i started with my iced coffee as well happy friday
0,jean michel jarre concert tomorrow gotta work 7 3 before though
1,my friend and i are going to make a ts3 collage today i picked up a whole bunch of flyers last night
1,hey xoxo
1,playing some killer basketball with some friends
1,good morning girlie how are you xo
0,i judge people on outer apperance spelling that makes me sad
0,exhausted and i have a brutal headache
0,is just gettin used to twitter miss my facebook
0,lilo might be looking for a british best friend i wanted to be paris s but they said i was to young boohoo
1,is chatting on facey with juliabier and matt about the maine
1,please tom say hola to the argentinian fans
1,let me rephrase the last 3 jokes from dane were funny in nfl blitz if you do somethin bad ass 3 times in a row you are on fire
0,i guess it s painful grinding for me then
0,not really pumped for this weekend working a lot rents leave for cali on sunday which means no decent meals for a week bummer
1,now i m going to cook something to my family i really love cooking and baking they calm me down and after cooking or baking i m happy
1,on my way to wesleyshearer s for breakfast
0,dad having fever again not looking too good
0,waaah asshat at cvs yesterday shortchanged me i paid 10 for chips
1,daft punk can cheer up any situation
1,got back from hastings bexhill last night brill wknd got a little bit burnt ooops
0,so we didn t make it to 1 000 followers by yesterday that just means that we have until this friday coming up the treat is still offered
1,jade won t let me sleep peacefully in the bed
1,hope ya hit the waffle house up in va beach too
0,yeah i hate rpattz i just want taylor for two hours half naked
1,i bet he ll have to do some kind of straightening for cr2 luckily and yess to the red suit
0,that ancient program unix is younger than me yet i can it s progeny better out with the old
0,woke up killer soar throat it hurts soo bad i need some tea
1,now a days it s not good to be married to a liberal i already stay in trouble 4 not agreeing with her even more so now
0,i know soso upset about it now we have to hope they can thrash the bulls yipes
0,it was verry nice yesterday she is still here she is going around 5 pm i will miss her
1,thanks hahah well hopefully your internet gets fixed soon
0,its unatural to play a game thatlong goodnight im really worried about channy
0,i was going to mention that you probably forgot but the msg was just too long i m jealous you dreamt something wonderful
0,goodbye to 1120 songs in my laptop so sad so true
1,follo0w the beards 30secondstomars
1,okay man sounds sweet you out at the cockpit tonight think me and some of the boys are heading down
0,up since 3 00 going to be a looooong day
0,im in da library noelle and kayla and connie just left should i maybe cuz im really bored noone 2 chat and laugh with
0,when did yall go to ihop i m super sad now
0,i accidentally broke my vow 2 not kill any living creature the other day i stepped on a snail that was my 1st kill in 2 mnths i feel bad
1,cum play with me www kellikanyon com meet my friends you will really love them i will be there all day today having nasty adult fun
0,annd we didn t even lay on thee hamock
1,having a trackies day woop im chaving it
1,go for it bridezillas is a good topic plus u have first hand experience
1,omg how mean they re adorable
0,boo just got to school n my phone only has one bar left
1,well when i have to move again i know where i am going yay lol
0,sitting around can t go to church today only three weeks left
1,filling up the paddling pool for the kids
1,i absolutely love the ads for it they re kinda scary and wrong but really funny ooh fingermouse
1,ouch their biological clocks are quiet wonky aren t they hee b loves schedule as long as it doesn t match mine
0,text i know thats a great idea lets go ben amp i will pick up mikey amp meet you lauren mallory amp thetanyadenali there
1,good morning ivy enjoy your reading
0,tears video games death damnelectric if you send me the money i so would but i m hella broke and up at 2 15am
0,it all got a bit messy when are you back in melb just about to board flight to adelaide
1,can other countries view the live feed as well thanks for your time
0,yeah it s sad
1,how about rupertread4pm
0,i blame james with his tony s talk
0,i wanna take a nap nap but i can t can t because of prom hair sad
1,i feel extra chinky today
1,is reading through all her as french stuff just to re jog the old brain
1,i saw my baby cousins evan amp victoria today seeing them made my day after a boring day in project grad
1,any evening but monday and wednesday i have class those nites otherwise i m good so excited do u need ribbon 4 sheri c
1,thanks i will
0,last day of school 2day it was a wast of time going
1,night all only 5 hours of sleep last night amp i was cranky all day short with everyone tomorrow i shall have more patience amp bk 2 me
0,lmao ha windows in the back amp the bitch dnt have steps
0,tip for everyone don t read whilst in the car i felt soooo sick after reading not good
0,kino sold out already popular also borders said they re not sure if they re even able to get copies
0,whew my body is mad about tha workout i think ill nap when i get home its still raining
0,whenever i get the chance i work and have no car
0,yeahhh d i can t wait but that s way in july
1,please come to germany please please please love your new single ladies video
0,feels a sinus headache brewing but can t take drugs
1,i ve had change thrown at me in times sq while riding my bike i tend to avoid that area these days
1,is happy that today is a good friday don panic be happy
1,on the way to the airport
0,meeting fail nothing resolved going to be a rough week
1,been playing with the new phone think i got it all figured out
1,checking out threshold good so far except 4 the music
0,now in line for the famous leng kee beef kuay teow 11ppl ahead of me but fr experience it s always been worth the wait
1,beautiful when children smile the world smiles
1,do you take your coffee white they say it s better for your bones i take it extra white
1,coffee date with the ladies i see cotie in a few hours lt 3
0,mitchel you have no idea how much i want to call you but it costs loads to call from england
1,working hard on a beautiful day yeaaaah in st francis wi
1,up soooooo good i laughed i cried just so cute
0,i already miss my bear
0,you fail but i ll help you in math12 next year
0,i won t be in up north until 15 th
0,i feel like crap
0,need to start revising physics
0,sitting at work waiting for the receptionist to get off lunch so i can go to my dental i hate it
0,how did you ge 3 0 i can t get it yet this makes me upset do i need to get itunes 8 2
1,i m selling the entire series of frasier on dvd check it out if you re interested just getting the word out there item 200353071770
0,pink and yellow or blue and brown can t decide or should i got with purple and yellow lakers colours omg
1,i m yours jason mraz looking for an electric guitar yay 1
1,thanks
0,webby gone watching britains got talent aiden is sooo sweet he looks like the dude from the bill
1,fun my daughter also lead her cs team i love girl gamers
1,hey nice new pic sounds like you had a good trip
1,that would be cute
0,ugh so far day has started off bad hope it gets better
1,i know that i have issues but you re pretty fucked up too so don t judge me
1,the best band twitter bora fazer as faixas
1,night
0,tom i m freaking out please reply me i miss you
0,alrite i dnt think i ll go 4 the concert transportation prob too is der but i wanna go too
0,i getting very tired of getting flames i just my fourth one in since leon offer to kick the person s butt i need chocolate tears up
1,well technically may ran outta days you amp i don t have to call it june if we don t wanna lol
0,my phone just deleted all my contacts
1,chateando jeje
0,work is lame got my computer back but still no internet come on ppls work with me here
0,my wife told me about the green avatars yesterday but i didn t get around to doing something about it until today
0,not feeling well today i ve been having stomach pains a lot lately might have to swallow the pill and actually go see a doctor
0,why was it not anybody else than rahul gandhi
0,i have to make a disc for my class why didn t they tell me earlier
0,nope didn t make it
1,good job so pretty
0,eww that looks gross i am guilty of still eating fish
0,and they cannot i wish i was in las vegas with my sister i miss her
0,that actually looks pretty cool i wanna play too
1,one needs to go further up the road it s only a bit farther than where you re at
1,hahaha okay i hopeee you loooose oh and i pre orderd new jb album and burnin up book and rolling stone posterr x
0,omg yessss i m watching the 4th one i definitely cried when he brought cedrick s body back
1,wearing spidey boxers
0,monday morning
1,nothing
0,figuring that out has just ruined my childhood
1,i m 18 almost 19 may 30th and have only had sex with 2 girls and plus it would make a sweet b day present
0,my replies are soooo slow
0,my computer just woke up and its open to alex deleons blog
1,figured out the internet on my new ipod
0,my nose has slowly gotten more runny throughout the day am i getting sick
0,welcome to the twitesphere i m leaving the galapagos today sad that does mean one day closer to seeing you again though
1,aww i think someone put it up on youtube lol
1,i want to see away we go i love you john
1,wtf are you still awake i wanna go swimming
0,ummm intervention i m an alcoholic and abuse drugs and i drink hand sanitizer cause i m desperate to get drunk anthony i wanna cuddle you
1,at least you got karteekj create his account
1,hey thanks for the retweet
0,it s the swine lol im sorry ur not feeling good mamash
1,thank you
0,awwwww zoey is scared of the storm
1,hey girl keep me posted on the akon shizzznazzz
0,so we came in fourth place for trivia oh well
0,no i havent
1,rearranging the room
0,has been driven indoors away from her bedding plants by the rain
1,well if it s fun stuff at least you can smile while you re working like your new background btw
0,man oh wellthis was wasted gas i need a life and a new place of residency tay company me and the sofa
1,looking forward to stephen porter and sasha in lush this evening getting oiled up as i type
0,just finished bade surfing online nutn much to do
1,ooohhh tell me what ya think we want to take the kids to see it
1,hahaha i wanna say it but i won t gt boysss lt 3
0,i agree kids get so sad when they re sick
1,haha of course i d say that the dutch are just a tad cuter but still berlin and its inhabitants are the best
1,someone is happppy
0,just saw some pics of me in my ensemble not my best outfit i looked way better last meet eh next time mpsy amp pockets look amazing
1,thank you very much everybody for the kind comments about my design work i m flattered
0,sorry about your sadness i ll be home next weeked we can faff about and stalk celebs on twitter
1,going to sleep have a great day to everyone
0,3 words weather shite arrgh
0,i am beyond exhausted today i have absolutely no motivation to do anything plus a nasty headache
1,i got my tounge pierced
0,trying to play the xbox 1 vs 100 but it is stuck at the quot please wait quot screen i ve restarted multiple times too
0,i m sory i can t be there with you where s jacob
1,note 2 all premier issue arriving october instead of september extra month to get it juuuuuuuust right
0,i wish i could do ap hwk
1,sharing is caring
0,my dad wiped our comp hard drive cuz hes weird so i cant watch buckley on blogtv 34 more minutes lt itsabby gt
0,boooo i m not open for upgrade till feb 2010
0,went to a bbq at janet s out of the nuggets loop but think they lost due to facebook comments
0,not feeling so good anymore after that ride
1,going to mow the lawn ew can i not be such a man k thanks
0,i can not sleeeeeep
1,you must be louis vuitton not reebok in while you drink that fresca
1,go you only 11 more days to go have you tried doing doubles
1,waiting for mum friend to come he gonna teach me how to drive a land rover luuv big cars
0,okay im failing so badly at this graph on excel stuff and its getting cold
0,i wanna sleep but i cant cuz i have to go to school
1,talking while breathing in sounds really weird
1,home just a few more minutes
0,i wish i had that much to say
1,oh so that was the problem you were having sample date
0,just attempting to watch quantum of solace again after leaving it disappointed sometime ago yes it is as crap as i remembered
0,i guess alls well that ends well i m still single for the record lol leaving cleveland will be bittersweet to
0,i hope so too french prime minister said we must prepare for the worst though and i fear he s right
0,my stomach aches
1,haha that only helps if anything thanks
1,hey leighton how are you i really like your songs you re such a great actress take care
0,torrents are taking foreverrrr why is it so slow fuck you youtube for halting my tv watching
0,thats it break time over got2go bk2wk now
0,7 killed in tehran yesterday iranelection
1,boored and still doesnt get whats twitter someone plss explain to me
0,aww poor nick he messed up
0,hi everyone in a while i go to school
0,a great hard training weekend is over a couple days of rest and lets do it again lots of computer time to put in now
0,so bored
0,3 short
1,we got thrown under the bus by friends were left behind to sit together we agreed we in out on purpose sometime this week
0,i am in texarkana think my computer has a virus i ve been tweeting from my sis account tanyaka her page sucks
1,noyseworks welcum fellaz
0,grr i know and especially m u tutorials it s like damn i just put all this on for no reason
0,trust me we r the last 2 no nething
0,has no more time to open her laptop and surf the net just updating through my itouch
0,ashley woke up with a migraine hope it goes away
1,just saw star trek again and it was just as good as the first time that says a lot about a movie these days
0,still not done with payroll was supposed to be off at 4 30 i have a headache
0,damn there wasn t supposed to be an apostrophe there
1,off to school on a saturday oh god starbucks stop
1,iyaa mel rabu yaaa hihihi me too cant wait
0,my ipod broke no more music
1,you asked about my sf schedule dahling maybe next time
0,3 cheers for losing the cell phone charger cable
1,bum notes guess what i m now watching mmk those tv shows in the buses must have some effect on my tolerance for local tv channels
1,your target speed for our quot race quot will be revised accordingly
1,i kno so i change that 100 to 200 ughh
0,boredddddddddddd i need money for beer
0,not feeling so good so a really lazy sunday today
0,at the gym pup is okay but needs eye drops and week off daycare for leg
0,where is there a meet i didn t have to plan and why am i not invited sadfase
1,lord please gave jordin the power to sing please give her voice back much love just believe in yourself
1,again again www lisball blogg no
1,cousins graduation
0,redoing work is the most depressing thing iv done all year swainnyyy needs a hug
0,o o how could you do that i feel sick too some undiserving person got an apple product
0,i miss my baby in japan
0,is so close but soooo fat away
1,a good series and also a good tune phil oakley great stuff