,target,text
1533,4,sound like a good guide book phoooooto
985,4,be watch titanic
233,0,live tweet streaming on sytycd I miss dena and lisa
62,0,wake up early tomorrow
601,0,so if they be conclude that there be no survivor its because they find the plane they mention a crash
6,0,you know it s really sad that u know that ur classmate don t care about you sad memory t t
220,0,dope track but no download
641,0,work on this sunny day
1418,4,there be a lot of vegan coffee creamer f I that one by soyatoo
701,0,be love the hot weather finally too bad I ll be stick at 2 job today
485,0,coach b I just see ur msg you be n okc 4059239095 call I sometime
737,0,at mr v s for dinner and eddie be not work tonite
176,0,crappy day turn awesome at work only to come home to discover that my chico dog be sick
530,0,hate overtime
1244,4,thank you to everyone whose follow I once I get to a pc ill follow u
1562,4,off to school after my week off and I think yaseminx3 be extremely lucky because she have today off
39,0,twisted gahh study be make screw up my commercial
45,0,one month ago I be the most happy person n now ijustwannadie
181,0,twitter be somehow borre
1035,4,I love the theme song quot it all start with the big bang bang quot
822,4,I have far to many random update than I m never going to reaad and heiiii channellle
1080,4,amen and let s not forget the 14e gs title which put he right next to sampra no pressure roger noooo pressure
246,0,I could tell the shading I didn t get any color m b the dolphin one I want to get like that pic in the vid of my son
1297,4,secret twitter will eat your soul I kick that habit
614,0,I hate I miss my am walk with my 2 partner 20 flight it be
719,0,so much hw to do where to begin
1271,4,eat
161,0,I didn t get my free coke glass
806,4,happy birthday
1063,4,we re have leeky linguine with shrimp and sour dough bread on the side it s super easy to cook and taste delicious
78,0,okay apparently I didn t miss the deadline for jb m amp g s but it would be kinda lame to win I would feel really bad about it
137,0,I m get my wisdom teeth out tomorrrow
136,0,do not like it when the tour end
1407,4,that s because we re fantastic
443,0,election be go bad go and vote what he hell be wrong with you
223,0,oh my freak god I hate you
1493,4,I need a nap or something so full from dinner
68,0,disappointed signing off
249,0,gosh I miss junpyo got to hit quiapo for the the bof dvd lol
1551,4,yes a nap do sound good
1225,4,nice didn t sing to mine can t but look for lesson to change that
733,0,ok sleep 7 hour today well than the 12 5 of yesterday still wake up at 8 not good must work on that before tuesday
221,0,say happy birthday nanda to nanda marinho please
912,4,amazing person and a leader now its time to say a big thank you dial my number any time as you will always have I as a friend
761,0,we can t even get in on the internet I seriously doubt it ever make it to the iphone
211,0,oh that s awful I hate when you trust someone and they hurt you so much grr
549,0,awww crap have to report at 830
432,0,yeah not good
835,4,ilove everything old school
1339,4,how do you feel about ur hand how be they connect to ur art see someone come up to you and ask you
463,0,ugh what a pain it have happen to I many time
179,0,soooo song of my night beep by bobby v I miss my mommy but I will be w she in the a m jimboy s be on hit tonight
1534,4,I love the onu admission bas always good for a laugh
1243,4,obvior al desayuno oye british te quedan 3 mese en shile
1349,4,I m sooo full of beau s right now it make cubicle life a bit well
1286,4,hey guy how s it hangin not much news but one of my bff s just crack a rib kind of feel sorry 4 she I just get the sick beat of t I
1446,4,go to skate with kody in just a lil bit woo
563,0,really sick
1483,4,have a busy day today I m tired goodnight tweeter
717,0,I be get the tweet with a delay
1081,4,2 word paranoid jona
241,0,I understand I ve put 70k on the car I ve have for just 3 year
334,0,just spend a frustrating 3hrs get 3 0 do anyone know how to get my app back in line they be scatter across 11 page
1595,4,ok I m out going to try to be productive we ll see quot oh look its the sweet life of zach and cas quot dean
992,4,time to enjoy what s leave of the weekend after a day in work homemade pizza for tea amp can not wait for a lie in tomorrow
14,0,my brother must hate I he didn t answer his phone and he didn t call I back either that or he s sleep or at work
618,0,wonder if I ll get offer cheese and cracker or fresh fruit today not very likely
846,4,maybe ill make a video and show ya what this beautiful place be all about
1513,4,they probaby couldn t resist your scottish accent lol
313,0,sorry to hear about your friend
372,0,go to the mall to look for a dress then alexis s sweet 16 party later no cell
623,0,tell I please
978,4,finger cross and all the good to you like million I d love to be in your shoe maybe just for the launch part though
453,0,someone leave a baby in a box in phoenix yesterday sick fuck
415,0,be off to go and watch jaw 2 in my room so no internet damn
55,0,just wake up I ve be asleep sine 4 hah I do not feel good amp the people I use to steal internet from move so text instead of m
1322,4,I have this song on my mind yesterday too
337,0,24
255,0,I hate sunday
1435,4,it s beautiful in stockholm now the sun be make I broown I like
542,0,so guess what mom be miss meeting end at 2 pm I call it end at 5 someone should pay I
1559,4,o rite awesome lol dat a gd idea lol xo sooooooo we put the www djaarie com fing on our bebo myspace facebook etc
1362,4,my take that ticket have arrive hurrah
1509,4,take my piano apart prior to tomorrow tune musiciangeekery
671,0,watch thank god you re here wish my head would get well please get well I hate feel like this
1411,4,hahaha you may tweet I hun x
18,0,opt for a corona it be a mistake my headache just get a million time bad
1482,4,good stuff
583,0,say it isn t so really sad now
845,4,and after all you re my wonderwall
483,0,be about to take my daddy to the airport
939,4,trueblood and dexter should be back within week good show ok maybe not ever but currently at any rate
987,4,there sure seem to be a lot of cromarty in your life today hope the weather stay fine for the fence painting
821,4,thank 4 include I in your shoutout
283,0,home from the awesome eddie vedder show wish I be go tomorrow night too
965,4,morning I have messy hair and it s wet time to get dressed science history r e and music exam today
848,4,help I m get addict to twitter work at twit at the same time
300,0,sorrrry poohh beaaarrr
7,0,I know
1238,4,I love my life but I m tired so I m go to bed goodnight twitter
532,0,miss work to take care of a sick kiddo
1334,4,noooo d I mergesorte by partition they but when I get bored with it I d move to a different shelf and heapsort
656,0,lance I miss you shay be getting pick on too much and cry about it come home
1374,4,I can smell the sunday roast be cook yum
215,0,just finish the first day of training with sir manci learn a lot today and the training be great back to work tomorrow
1502,4,seem I m not only go to ocean terminal today with my sis but also on a picnic with my aunt uncle and their new puppy
341,0,I guess mikeyway mad at I because my message to he he make update a little I feel guilty myself about hope I m wrong about my thought
527,0,loooolll I be wonder whooo the hell be that I call back at 6 am but it be busyyyy what s up my love
350,0,love the new tat but hate no pool for a week
0,0,oh no where do u order from that s horrible
1387,4,hmmm but still well to have quality
548,0,school over finally claire leave to go over sea today she ll be go for like 6weeks ill miss her sooo much tear
1486,4,and the day have begin
200,0,I miss my friend I miss my family I miss my old town I wanna back home I do not wanna be here
839,4,I personally have my fill of the sister mary margaret s something or other 12 yr of catholic school so do
168,0,eh up you we be talk saab 9 5 se estate too have to get a 2 0 t as insurance wouldn t touch poppet on a 2 3 t
1179,4,lol I like challenge the more impossible the more I want to try
1024,4,love spain it s so much fun
539,0,just have a shower now watchin sum crap on tv
1250,4,oh no good stick to flipflop tomo I will love the dvds guarentee I and gab have schedule next sit night in for a festx
1280,4,now I be
101,0,oh no I think both would be cool guess I m not cool w the 4yr old lol
366,0,I don t feed into bullshit sorry awwwwww what a cock succer
541,0,I have a feeling my reduction in follower be because twitter be start to delete spam account still make I sad though
1202,4,I ve be lay awake in the bed for a half hour maybe it s time to get out off bed
1104,4,ahaha muy bueno the lion sleep tonight
379,0,still hav my cough now it mite be bronchitis bec everytime I cough my chest hurt so do not lik doctor
1538,4,I need a nap nick have another round of hang out tonight I need to be prepare
787,0,it be a beautiful day here in e lanisng to bad I be stick inside study
1563,4,in n out be heaven send
1095,4,for my very short followfriday some new tweep that I have find very interesting sdartjournal dwellephant ranchovalencia
1153,4,I still have the blackjack
628,0,mian jaefoo u knw I will if I can but can not 2nite
847,4,the red sox get a home run
56,0,
1588,4,bad memory oh well ingat as for I I m off to church ps bring a journal and write ur thought
471,0,why be my follower fluc tu ting should my tweet bring more bling
1062,4,g day mate
593,0,the book look really cool and I really really miss the show
1012,4,yup be now complication be have so am home mending now good to be out of hospital miss the endless cup of tea tho
503,0,layer tech epic fail
1471,4,today s great okay er than yesterday I hope it will soon be well thank you for the people who support I I love you all you 2 r
336,0,he be so sad try to hold back tear at one point
588,0,here at sixx w the ex lol miss my boo
569,0,to triste
231,0,good morning I wake up to my boo leavin I wat I m I goin to do for like 4 day I m miss you already
1344,4,I know we need it but I m not a fan of daily rain humidity amp I m a native I ll enjoy dry while it last
1255,4,right I be off to the hospital seeya later
966,4,souljaboytellem maybe coz of hight hill tc
654,0,the place be cover with little white and green thread the dog totally destroy her rope tug toy I wish the vaccuum wasn t break
198,0,no no more unless I win irvine tix or break down and go to another concert
1020,4,if you find any let I know all I ever find be manga
235,0,never go 2 sleep and I get class at 2 I need 2 do dis homework errrr
1136,4,metro station be in philippines fly I home
1144,4,be up to early this morning go to the tip and everything feel tired now feel a relaxing trip to the pub come on
812,4,off to the garter ceremony at windsor castle
402,0,only problem be that tiff file can t be large than 4 gb
1388,4,britney ticket have arrive
1266,4,and I do love mar planet love they before they be out in germany british shop be the good
1155,4,good morning feel a little snarky this morning how be you you you and you
1488,4,the well accent be def scottish
397,0,aww 5me I miss you too I wish I be there have you have any calpis yet drink some for I
345,0,why be not you guy come to toronto warp tour date same with atl whatta dissapointment
841,4,go to my aunt yay be warn she be a facebooker we will have fun though
663,0,ahh I can beat that support ticket to twitter jan 26 confirm not fix mar 12 they mark it fix no change on problem
1361,4,you get a concept here
1294,4,awww well sleep well when you fall asleep
149,0,I think I d enjoy it more if it wasn t so smoky but we ll probably go
433,0,sorry boo who s wole bucknor
1236,4,eat pijahat with aileentanaga boya jenni and erin
631,0,speak of which ha no some fool eat the curry so its porridge amp toast for I
758,0,awwww what s wrong with ur doggie
1123,4,yeah it s not an easy time out there now thankfully there be good ppl like pinkslipped and pinkgift to help
1437,4,go to the grove park inn for lunch
818,4,good talk with mom now off to spend time with some friend
374,0,cat nap didn t help
1092,4,fuddrucker with gcmilatzo
664,0,5 week be a long time
489,0,feck I hear
376,0,off today and it s suppose to rain wtf just my luck
973,4,good morning how be you thank you for the followfriday
214,0,aw hope you feel well soon
1589,4,listen to I m free by kenny loggin I lt 3 the 80 s
882,4,I know sleep be so over rate who need it right
798,0,why be not you reply on msn
712,0,do not think it s break then so that s good put ice frozen pea on it lol it will always play up now get a weakness in it
1013,4,excited that wristcutter be finally on on demand
856,4,no one on twitter have goodsex you can all pretend
674,0,I read the first book and I could feel the literary aid engulf my body
836,4,off to explore buffalo by foot
1034,4,I ll be tweet 4u during the 48hr tweetfest to raise money 4 school in kenya ethiopia 17 19jun ghni via jjnextgentv
333,0,what happen
46,0,need a new home
1074,4,sleep finally
1517,4,go to simple simon
361,0,it got move to monday sighsigh
1508,4,laker you deserve tp celebrate all year
644,0,I be lose please help I find a good home
915,4,back from the blood test now I get 2 eat
1443,4,be listen to music
1093,4,sweeet now that s the kinda news I wanna hear haha
533,0,still at work
1591,4,vote for mcfly www musiqtone com they be catch up
1121,4,we ll be film tweet blogge so you ll be able to see all the doggy guest
478,0,yeah both be really hard I think
1010,4,fine there be so many movie 2 anticipate especially quot harry potter 6 quot cause that s show on my birthmonth wooot
1051,4,twitter often do weird stuff
1047,4,love the twitter handle be this intend to provide support for all bing addict I feel like binge on bing
190,0,why be not anyone tweet
487,0,I be on sofa with a migraine
467,0,what do you do when you like a girl but be afrad to ask they out I ve never have a girlfriend yet
776,0,I need you
1503,4,haha aww it be awesome either way so I have the plane ticket for new york and it s for a whole month
1332,4,well then go for it
946,4,go to the car show today can not wait
49,0,yeah I have these extra strength thing my mum take for her leg and no chemist will be open when I go god
1154,4,now that I now you re an owner I ll try it out there s one here in roseville can
557,0,I have a summer cold great grrrreat I feel horrible
1586,4,in yearbook class wit thee homegurlie vicky monday uggh soo mondayishh lol but still fellin awesome
1529,4,thank I love the word crikey it s like my sayin
680,0,where do you read that at
994,4,hi sweet pea
908,4,look like you guy be have fun
15,0,no 19 I d assume they d check if I actually do win something
391,0,sadly nothing be safe from spammer and or marketer
311,0,wow I just watch the mtv movie award on there website poor rob during the kiss I hope that be all intentional
892,4,loading watch nothing but the truth
930,4,just have lunch lol btw good afternoon ppl
281,0,be really hungry after not take afternoon tea to work today
354,0,suzzzanna I be have awful dream that husband amp I be getting remarry but everything be go wrong at wedding
424,0,want to go to disneyland
1335,4,eat my favorite cereal
950,4,oatmeal raisin cookie
764,0,oh no slow internet ftl pet share some of hers btw I get glee in the mail today yayyyy ty bb lt 3
1583,4,last night be great fun weezer be currently soothe my hangover
1576,4,haha no way I hope u do not get lose its practically life size
90,0,on the phone with my baby I miss he so much
597,0,holiday I don t know whether I should go
751,0,the whole waiting list thing be scare I I m just pray I get in january let s just hope 77 be a lucky number
738,0,big dose of nothingness for dinner I hate miss the gym
979,4,how be everyone on this fine monday what be everyone s opinion of the new wolverine movie
446,0,ok so everytime I read twitter I so want to be a superstar
167,0,I m soooo bored right now
75,0,big bag break jump onto tube which then trap my foot almost lose my flip flop
545,0,I ve be a fan since the first album and hear such great review of their concert hopefully I ll get the chance again
196,0,kirsten be never up in the morning and I think she be mad at I
1043,4,annnie babe I have to revise for busman give I sympathy hahaha
521,0,need to refilm her audition sound be too quiet x
1109,4,listen some music
1400,4,nice poster annd you all say quot limited capacity get in line early quot would you sell ticket early I want one
1324,4,oh soo sleepy at trabaja grateful for the morning desk call from padre
97,0,cuddle with sammy before I leave he until sunday my baaaby
906,4,por fin viernesssssssssssssssssssssssssssssssss
1506,4,I must have view that picture of I and alicecsws from saturday morning about a milling time x
393,0,my exam just start bore
1106,4,morning good for you good news on the smile front
5,0,dammiitt I wish I have mtv
1340,4,lol I prob would have slap he too stupid teach xd aw thanks your sweet
1187,4,arrive at funchal very hot and beer cold pic later
1378,4,be on cellufun on playdate with my pet
1525,4,thank god because I need that starbuck when I eventually move to lincoln park miss yous
460,0,finish the last of the 7 season of gilmore girl miss the lorelais already
1463,4,I wish
1552,4,oooh have you room for one more I that be xx send yellow rise in hope
1126,4,awesome well have fun in nz
104,0,naw be you
403,0,chelsea well show everton what s good I m dread the barber if they don t
1328,4,good news bear repeat huh lol got to love the crackberry and all it s quirk
741,0,hate live down here in fl miss ga like crazy like they say you do not know what you get till its go ga on my mind
1423,4,diversity wer brilliant tonight so happy they win
1316,4,long night of party aheadddddddddd love you laura
1265,4,everybody check out itstyrab s song quot you givin I a rush quot its amazing amp its a version of paulaabdul s quot rush rush quot
414,0,le sigh riggen that make easy shit hard
556,0,last day in vermont
1045,4,you guy
1505,4,sleep well and don t forget to air out the dog
1454,4,of course it s you you tweet all the time and you ask the cool question ever you should win
803,4,can t wait to worship with you guy tonight it ll be so much fun
1192,4,I wish you want to fly the team up
587,0,yea
282,0,what be common between chidambaram and george bush
218,0,that be uncalled for
817,4,mad late but good luck
1436,4,you might like this
580,0,try 90 4 next 3 day o yuk lol n e thing poppin sn
592,0,have the bad experience w auto pay don t recommend it in 140 character 700 be take out of my a c amp take a month to return
59,0,keep my friend and her child in my thought today as they mourn the loss of their husband father who suddenly die yesterday
1120,4,thank I m happy with how it turn out
896,4,the glass make you look coquettish
1547,4,almost do with my sis hair just eat mcdonald s and be have my fav vanilla iced coffee
253,0,super annoy I write a blog that take I 2 hour to write and its gone now and I didn t get to save it
885,4,fine its ours
584,0,nothin bore
507,0,be we head to another service it s not show up live for I
1007,4,lol I love ur sense of humor i d well nevr let u find out bout my most embarrassing stuff u ll nevr let I live it down
730,0,I totally do not understand my new phone at all
401,0,be you serious biff
898,4,hmmm yum btw why you have so many tatoos not like I hate it or anything lol x
1398,4,just sit here watch my baby life can be amazing afterall
1421,4,hope you feel well
975,4,that exciting huh
26,0,spend evening look after suki doggy shit herself everywhere fall off the decking into ditch and whine amp run into thing
1273,4,haha sure dorito be yummy especially chilli heatwave haha xd
652,0,and sometimes u get take advantage of a lot by your own kind
1223,4,ooohh but a good quot d quot and well worth it whoever come up with that one be a genius
688,0,I m so bored I wanna go homeeee
922,4,yay party tonite try get ready for it last night but be so tired it least I know what I be go to wear
961,4,oh I m a girl and gaming computer be awesome they support well graphic and sound so game be pretty and don t lag
1214,4,be you eat out just post some great restaurant deal incl free meal
608,0,they re both dead
65,0,oh no way you can t do that sooo unfair
1201,4,well good luck
187,0,lol definantly not hot haha and I would for sure cry if u kick my unhealed boob
1523,4,hey wat up I hope all go good 4 u
1291,4,awww ull get it soon enough
668,0,I think I m way more awake than I should be this early so excited to go out tonight not so excited about and lack of iphone
1277,4,we know that but some 2leg be not so smart
413,0,I be lose please help I find a good home
1213,4,aww thank its get well yea how be ya so far lt 3
316,0,well I will have to goo soon
703,0,beautiful day too bad I will have to study
1515,4,my mother day have be very chillaxe
1178,4,cool nachos have yew talk to jayk or any of chur friend that chu might of mention once of twice
1004,4,I like to remember it as m go with m ie mallory weiss be the mucosal tear then the other one s the other one
596,0,ill come in and stalk you sike I live like 4 hour away
1267,4,yup I be work today on my way down right now and going to stop at timmie as usual
451,0,wish I be there
625,0,when talk about peter and london make I miss london last summer so much
124,0,I really don t wanna be a vampire love tween
353,0,this mood be more shittysweet then bitter at least it s finally gettin fix ugh
506,0,hey u no not yet soon maybe tomorrow
38,0,quot binthia quot be serious now she hot really quiet and look mad tired kinda feel bad cuz she have to drive after only sleep a few hour
289,0,this be the awkwardest thing ever he be weird bekki and need a shower haha
1579,4,I m talk about they come on lion lion
1137,4,remember I
1193,4,I have dual monitor osx and dual monitor win 7 setup to clarify I can use the win 7 dual but only 1 mac
774,0,my wisdom tooth be come in darnit any home remedy that don t involve cold metal object use to remove body part
768,0,omg that harper s island be totally gross 1 episode amp 3 people die scary haha I m really tired but I don t want to sleep
1058,4,maiasky girl be we have dinner on wednesday with mel and pew
740,0,I m quite bored and my iphone update be delay until tomorrow
1209,4,chillin should be sleep I miss you hun
676,0,wait for a movie to load this be take forever
1496,4,nak in my case I m endlessly addict with my new mb pro
206,0,noper dreadful I know
63,0,hopefully I ll feel well by tomorrow I might have strep
362,0,headache still not lift additional symptom look like pill pop all day
1087,4,be enjoy the beginning of her summer
756,0,the song what if by ashley tisdale explain how I feel with my love life right now lt 3
1227,4,so tired wake up at 610 d mathh finalll then win then home lt 3
1592,4,happy travel enjoy ur last day in the uk amp can t wait to hear about ibj amp geneva
27,0,home from work be miss my maddie bug now off to put clothe away and make our bed maybe sleep in it tonight
977,4,yeah just write something just publish it actually have a third glass of wine leave bed soon I guess how be ya
1139,4,hell yea cutie
518,0,have to get up early for school tomorrow too tired but I know I ll be able to do it anyways lol
1582,4,thank to everybody who vote I win t be bother you all about this any more
832,4,hi bill thx for the follow you do a lot of affiliate marketing ever try mktg your own thing
456,0,ok you win on that point
665,0,don t think I can get anything right today
678,0,ahhh I can not go but I ll go to sf tomorrow wooh can not waitt
1159,4,woohooooooooooo be stalk ya
984,4,my kitty s so snuggly and design to sell be on what else do I need hmm maybe some food
152,0,watch lose and then I get to v cover 150 page
1474,4,christmas t glinda be the good witch of the north from wizard of oz
315,0,sorry to hear that martin give she my good
1457,4,thankyou for be human not just a hollywood robot ur a legend babe
1232,4,heh never I ll never go red commie mwuahahahaha rofl
1590,4,I need sim three ahh pete wentz birthday yday every sim addition for ten year of age bless he h I love he
1239,4,she s cute
1129,4,yeh so excite xxx
420,0,after security scare we re now force to sit in locked office not do much for legit visitation or air circulation dang thievery
499,0,everyone s talk about the goody at bea09 I wanna be there
1152,4,hey low mitchel awesome music woot
1539,4,on my way home from movie anyone come over
713,0,in my apt work be crazy today
636,0,hope you rip sascha as in your next song he be well out of order for do that to you
81,0,I really want to see boy like girl tonight
526,0,my soul no long have the desire to twitter because natalie and tim can t see they from their phone
189,0,I hate morning even friday morning wish I wasn t so tired
1169,4,just meet a friend I like she s one of my friend I go to franbe with talk with she make I happy
681,0,fight over the avaliable washing machine at my apt for the last couple of hour stupid lady have be use they the entire day
1086,4,luckylucky boy my bf and I break up the distance be too much so happy for you rock that boy world
399,0,we re get violent program randomly decide to hate we when we take a break to get food
1262,4,here be a new art piece I m wrke on for fun let I know what u think
1543,4,oh wow that sound awesome I will spread the word and set my dvr
114,0,I m extrememly lonely right now everyone be out and I m stick here do math revision against my will boo
831,4,need to get an intel base mac 1st but this impact on dual core vs quad choice latter probably well for virtualization
941,4,be watchin her burger n chip be cookd lol x
30,0,can t think of he that way any more or at least I try not to lol
857,4,wow I will need to adjust my sleep or just wake up like this at odd time well I do that anyway its how I roll hehe
1176,4,instal window 7 on laptop so far its a lot well than vista think xp will finally have a successor
658,0,I love ur new default its soo pretty but how come I can not listen to this song on myspace
878,4,follow p nk l l
815,4,thank you
175,0,I break my arm
1373,4,boston with some fab
1071,4,and that be why jeremy do not ride the bull although I tell jeffx offer 500 to do it I say make it 1 000
1114,4,hey I know you
22,0,they search my person too one grab my stomach under my sweater that s what I get for wear a sweater in snowy weather
894,4,damn I haven t read any more of break dawn but I ve get load of piano music might just go and experiment with they
788,0,no idea toffler doesn t look all that bangkok relate either
1272,4,thnx 4 appreciate
933,4,woh nothing judgmental here just a pure guess retrieve from 140
96,0,how awesome lol I guess they be good but it could still be well
327,0,be go to be so sad when her friend move back to land o especially since I can t drive until aug due to this bum foot
1449,4,wow with no source for organic bean or broccoli sprout I think that donut need to be chocolate cover
645,0,tech theatre own my soul
1077,4,watch the new moon trailer just then now just have to wait for the next one
34,0,wtf be go on with the chief getting smash at the 1 2 way point of the s14 final
1585,4,that s because I m almost never on haha just dm I sometime and I ll log on
427,0,ahhh I love you too david xxxxxx miss you
867,4,have a great time last night skyy vodka do the body good until the next morning hehe
1021,4,ohhh and and and haha lol swag igotmyswagback hahaa honestly I feel flatter
1518,4,just go shop with miranda and find my perfect dress for johnnie high
602,0,I want to go out ahhh pooo
948,4,accompany zakir to do his passport today 4 cousin wedding on saturday need to eat more I m get thin again lol stresshead
107,0,damn you that s properly unfair
150,0,ahhh noooo now everyone will know I m gullible
191,0,be back to work squarespace
145,0,I m emo because I can t be part of demi s music video one of the sad day of my life
298,0,that s one of the downside of my job no stock deal shealing allow
412,0,no ff for I this week as I m only work half day and no iron and timeonline be due by noon today sit shift be on this pay
1452,4,it s not sad kinda like find 100 peso in the pavement which never happen to I
653,0,hey everyone so sorry for abandon my twitter but I promise leave not my abandon twitter
1572,4,I vow to be well with time management by the end of the summer
993,4,either way it ll be exciting for they
428,0,up an idk y
405,0,shivaranjan arjunvj waat lag gai pairo ki hopefully I ll be able to run soon
889,4,be head back home this afternoon after a great weekend up here
1329,4,you all be lame with your non avatar twitter account stick a picture up for snarf s sake
1264,4,hahaha thank katie
1326,4,I should hate you but I can t so I will not buy your album na lang
837,4,vienna bounce bounce bounce
357,0,can not believe nadal out of french open but I be happy federer its ur turn now
694,0,that be just too sad and horrible
1041,4,in fairness he smell good
108,0,mtv award be not on in my area
942,4,lol exercise yes brain gym yes I do
844,4,I know I m overdo the anchorman thing but goddamn I just have to get that one in there it be too perfect
1224,4,yay william I see your video and I m sorry about what happen I hope it get well soon
73,0,I need a hug and less cynicism it s make I depressed
375,0,espn buy the football from setanta
902,4,lol she be definatley insane if you could not tell from the start then you wernt pay much attention ppl
1054,4,will be away for a few minute now lunch hehe x
111,0,you meet the fan on wednesday at hilton s bar meet we haha I know you tired but we spend lose of money here just to see you
799,0,work on a powerpoint presentation for work with lot of excel diagram just don t have time and peace for this kind of work in office
1537,4,anytime girl I get to go eat breakfast and finish gather my stuff for school lylas
615,0,ugh just get out of work I think I m a dang taxi for ppl but I just can t say no o well its my fault
1018,4,mmmm slim fast and a fruit cup yummy breakfast
172,0,our red tail hawk have to go to a rehabilitater now
394,0,sore as helllll mother day though I m not a mother no present
1555,4,spread the cheer today s a good day
970,4,gt quot street dream be make of these who be to d sagree quot 4th rty love th s song
384,0,I just get a screencap of your follower at 496 000 or so omg you re either so close or twitter be mess up again
355,0,I m up early I wish I be go to bamboozle
568,0,I m sorry have you talk to her much in the past I m jealous you got to talk to she ha ha even an argument be good
202,0,hey tom I m wait for you back to brazil cuz I didn t go to your last concert here be you come in october
304,0,exacly
508,0,I m sorry I have to cancel early my dear I would invite you over now but I have a feeling it s too late feel free though
691,0,sorry I didn t know you be dvr e it
326,0,write an impossible research paper that be take about 5 hour more like 7 dread the other 2 essay I have to do nexttt
219,0,nooooo I reckon alan like it it s different it s a risk he like risk taker c mon yas
687,0,out of my favorite rum
1596,4,cali breezy yea I can confirm that I have reduce over 1000 kb in size already what a wondeful news
1427,4,grad party time
1042,4,thatboy your welcome I like your post
1125,4,now hold the guinness world record f m one in 20 million
781,0,I don t like tim with a moustache
1029,4,yeah they be quite uncommon I only know of they thank to gran turismo
947,4,finally get twitterfon up amp run
1466,4,thank long time no tweeet mr billiam it be command r
480,0,just get on to do college work think bout my baby darnell
210,0,be sooooooooo sore like everywhere hurt
877,4,yay twitter be back I m glad I be only awake for 4 minute of this maintenance crap
1168,4,why be comfort food always bad for my health have the avocado bacon cheeseburger anyway to help concentration
904,4,cocabeenslinky do a really cool thing with a bubble video that might be worth look into too
974,4,my dog be definitely cut than your
739,0,the image isn t show up for I
1464,4,jakob sveistrup concert friday next week
1113,4,ah how lovely I hope you have a peaceful and relaxing day truly can not wait to see you in australia x
1002,4,lol no I m not a quot logo designer person quot per se lol but I happen to be good and everything but a pro at nothing
1256,4,yeah we see you struggle lol look after my lovely hiphopnonstoptv xx
118,0,omg my bff just say he wouldn t kiss I nasvegas
567,0,which be why we have a ginko tree just nowhere to put it it be a gift and it s still in its pot
20,0,I blame josh amp bff she be sick early amp so be josh
1420,4,have a safe journey be sure it will be well than the last travel attempt still hope I might see u in chicago
466,0,they long nuong
1313,4,have to disagree with you there my friend I m shout for the toffee 2day
1070,4,welcome moma to twitter
178,0,aw sorry to hear that and it seem so full of life yesterday tbh the usb go on a friend winmob phone hmmm
1535,4,get the album in the mail today amp a poster its amazing hey baby amp turn right amp before the storm be my fave nicely do
491,0,take my sister to the airport
274,0,why r all good thing depressant lol the only time my mood swing madly be during r ship issue I got remind of it today
1478,4,what and yes I will make sure there be at least 10
708,0,my cat pull on the electrical plug until it be halfway out then zap poor girl now she s skittish and need hug and attention
1364,4,I love your photo of use the half pipe look like an excellent way to spend the afternoon although I d be on the bottom
247,0,thinking of this problem I do not know what s go on actually
290,0,that s so not cool I be sorry for you as a portuguese canadian woman I would like to offer my apology for she
1235,4,enjoy the view do you have any more pic to share with we
212,0,ooooo that sandwich I have just isn t sit well haven t feel good at all today shouldn t of eat
24,0,awwww my poor muffin I have to make those and I do not make they for the cat he take the whole freakin bag and run away aw man
576,0,I go to that concert and I remember derek and mark be host I miss see bhb at the grove
1199,4,aaaaaaaah that sound mental
752,0,nothing that interesting sit at bore dead end job
1257,4,have good girl go bad by cobra starship and leighton meester as her ring tone
1458,4,cool interview w dono talk about your philosophy on life round 6 45 in happy bday again
702,0,yeah I know and yeah it s pretty good
498,0,oh man I read all of your tweet of jon and kate you guy be right this be tragic sad oh man
1343,4,thank
989,4,thank no wonder I couldn t find it I ll take my out of the mattress now
913,4,oh that s cool my ex have a band so I spend a lot of time home alone at least you re bein productive tonite
682,0,doubt it it s a sturday night not good
952,4,go outt for supper tn happy mother dayy
166,0,foolishly I type m rkete in my last tweet but with an a not an now have a shed load of relate bot and or twat follow I
400,0,be really take life hard right now
322,0,I love bobby long music although I can t find it anywhere to download it
1036,4,you could always go to seattle I think they should have some cool place
519,0,wait for my laundry to dry in nephi ut yup it s 2 47am
349,0,that make I sad that people would be mean to their puppy cause it be act like a puppy
1053,4,didn t know you be watch the new dr who I like the show and the dr too
171,0,so so burn
925,4,just got send home from school for be to far ahead despite miss 3 week of school woot
252,0,so I just watch the video by taylor swift quot you belong with I quot it s so cute but happy end don t happen that often
767,0,be tired but have to do her geo presentation
800,4,be lookin 4ward to a long weekend really do not want to go to work 2day tho x
880,4,morning world it s a beautiful day here s hope for some pathetic fallacy
1216,4,do you see the dinner photo that I send to you
511,0,I wouldn t know how to
1285,4,I think this brilliant performance summarize my thought quite well thank lifo
435,0,still not feelin this tweeting thing
1560,4,I know the feeling so again I have the confirmation come from you it s not just I
1594,4,surfer s paradisee
1220,4,great dinner tonight mozambican prawn
40,0,need help from a wordpress theme expert
194,0,bonjour jet lag awake so early I hear the ny time hit the front step that s bad
969,4,whoo ah whoo each night we have a walk it almost break my heart because I m so afraid we ll have to part
619,0,be people protest and getting shoot at how s that back feel rusty x
153,0,I know exactly how your feeling I m curl up in bed right now witha hot water bottle not fun haha hope you feel well x
1507,4,paul scanlon our senior pastor now thank everyone for contribute to the good cherish ever
743,0,mann imma b runnin around all damn day I just wana sleep
698,0,lolllllll yess that be yesterday I would meet she after I be soak from the rain but sunday u an I texte u
501,0,I get 8 blister in total from wednesday s 2 hr escapade
742,0,study I have a few of exam those week plus I have an headache
1133,4,its 6 36pm in the lovely albany what time be it over there guy love to here from you
1526,4,ooh sound like you do good
1381,4,watch camp rock
1122,4,the new moon teaser be great it must be the new director jacob be a hottie now I wanna see the rest of the wolfpack though
1219,4,the brew look delicious
729,0,be work and bore
285,0,no people on mmo forum be say its taking from 2 day to a week wtf so much for play this weekend
534,0,no thyroidal problem I have to see a neurologist as apparently I m twitchy
52,0,my nose got sunburn amp now its peel ewww
217,0,get ready for work I m tired of smell like fry and look like I have a fight with a milkshake no not mcdonald s hun
1288,4,yeah normally I do when I m out with my old cousin but my parent be just stricted but I m a junior class of 10
364,0,that suck sorry not that it help
134,0,probably just different welcome to proprietary driver development
1379,4,everything bagel perfectly toast yum
522,0,how dd I miss you all wk and you do a show w my our dear amp love friend divinepurposemv I miss it lt 2 ff must
157,0,it s 8 40 am and I have already finish my first half hour of work don t know how I do it brain be still half asleep
825,4,I m put skin on my ipod
1445,4,I m take a break from mileycyrus gossip and justinmgaston mustin news besides I have a big test and don t need to thing about her he
620,0,omg really she be a persistant one
438,0,sunday night get ready for bed and a full week at work
968,4,amp amp I ll confess that I can be a lil selfish smile
331,0,cheer up
347,0,yeah I to
306,0,if they don t win I will cry lol just kid but seriously they have too
1384,4,google wave be the good
207,0,the truth be aku ga tau caranya add contact
864,4,if so can you share that tupac memory with we
439,0,at home and bore as hell the laker 2 2
1351,4,thank for the follow bro
239,0,I think I have an eye infection
1512,4,what a beautiful night to look up at the star I think I m going to lay out on the blanket and do just that I wanna see a shoot star
553,0,spend the day update my portfolio I m get scared about this portfolio review day on sit 4 hrs with a bunch of total stranger
159,0,at work my head hurt a little due to my neck I hate when I sleep wrong
48,0,and I luv it but I m very hurt that only sam goody have the album in my city and they sell out
572,0,but I just figure it out now I feel like an idiot for not back they up before
44,0,once the concert story start rollin in I might have to go into hibernation
259,0,can t find anything nice to wear to da beach
417,0,just use my new devacurl diffuser love it 5 star not like my new hair cut though a little too short
1218,4,maybe someone on here wil recognize he
689,0,you re not go to be a professional blogger I have mixed opinion
793,0,off work burn a chunk out of my hand from the grill
1270,4,buon giorno after a marathon day yesterday I don t think the jet lag will be too bad coconut gelato be currently my favorite flavor
1194,4,sound great
1519,4,that s so cool but too tempting at work
312,0,wish I have marvelous misadventure of flap jack on dvd
74,0,to atascadeo again for practice text tweet myspace
10,0,I want to go home
60,0,I think mr brand that u at least owe we a few tweet after abandon we uk girlie for la xx
109,0,no more ben it will be a bittersweet show will you be there
673,0,it s monday already
243,0,awww I tell you when I would change it I suggest you try to get in touch w dre s people lol
1276,4,ah mate enjoy we ll be think of you from the stuffy hall
301,0,I still don t understand you n what be go on sigh esp w all ur confuse quot I miss u crap quot I be piss n in love w u at the same time
1346,4,at universal
493,0,I hope I do not fail I hope I do not need my palmcard to much I be get off sooon to practice
89,0,so upset that spring break be like over
1268,4,a squirrel say to a tree quot I do not store any acorn for the winter so I be dead quot it be funny because the squirrel be dead lol
1261,4,lol nooo I ve be on here for month and have a way bad attn span but ok maybe watch out for I
1396,4,welcome back
54,0,I can t buy the album I m sad reason australia need I say more congrat tho and all the good of luck lt 3
657,0,hey twitter fam how be ur weekend goin mine sux so far bcuz I catch a cold I hate be sick
490,0,dude I wish I could come up this weekend sound like a blast but I have so much go on
820,4,of course as always jerry want some tweak to the cover bah it wouldn t annoy I so much if he wasn t right
918,4,go to sainsburys n then cutteslowe after by the way this message be send through txt not web x
1514,4,damn procrastinator always behind get it do so you can get out there tomorrow
981,4,that s awesome
1550,4,lol same here man well I m glad you still have time to drop by and hang out with we buddy
437,0,ahh too much work I m going to have to skip walk home for lunch to watch cartoon
1536,4,if two car roll up with cheney in one and a stranger in the other I ll tell my kid to always go with the stranger
88,0,crap steve job have a liver transplant oh man that s not good lol
924,4,mojito be really good hang out with the covas family for brittaney s graduation
869,4,right after be distract by loadingreadyrun s wiki I ve decide to start get on with some of weirdo film video stuff
496,0,do not like the heat I think I have be bite and I can t stop sneeze
2,0,right off to work only 5 hour to go until I m free xd
695,0,I hae this game lol
195,0,susah emang long distance ituu huhu aku juga ngerasain
1088,4,well I say that cos obviously shaun lt 3 s himself alot so I lt 3 you alot hahahahah
263,0,tough choice pay my phone bill or go to new york unfortunately they be both the same price
1568,4,just back from bingo w family I win over 1100 fun night
570,0,that s so good of you kin unfortunately in the word of darcy quot my good opinion once lose be lose forever quot
891,4,travisfitzwater carlton well get on it I just lap he 2256 follower as of this morning travis I m comin for ya
505,0,no rain in phoenix tonight
796,0,you miss a great opportunity to give I a shout out in the show quot who s scared of a controller quot quot hodgi might be quot
268,0,sorry I didn t see it message jillian and ill explain
1119,4,I can sleep in more yay
1495,4,good to hear we be all here for u
834,4,mornin all sleep thro bleddy alarm again I m sooo late followfriday rec to come later in the day have a good friday
1027,4,work early empty the dishwasher clean the kitchen and make coffee and its only 10 after 8
495,0,hmm spend hour with emma yesterday and a couple with sarah today so why do I feel like I haven t see they in age
926,4,kenny chesney concert be amazing I love sugarland
884,4,belgium s still the same
1479,4,yeah glad you re infection be not too bad hope it stay that way
646,0,how come you can t lol
693,0,I would if I could I m all alone at the apartment again tonight
1320,4,realize that my baby and I be think about eachother at the same time wow
1516,4,eat at gateway
1312,4,his song be my song phone bone
632,0,sit tomorrow
1215,4,at work latte be now rush through my vein hellllooooooo monday
1467,4,plz follow harryrhamlin nice guy
272,0,oh bestie I admire your attention but it s really hard I m so busy hope you understand
850,4,thank
575,0,debate the taste of forsyth activity rain be predict for all afternoon
735,0,why be my programming teacher teach we about mortgage
1390,4,not bad closed station only add ten minute to my commute I hate calgary transit lol thing be almost back to normal
340,0,I wish we have more home movie everyone kind of give up on they when I be like three
1163,4,favorite party about last night get attention from guy while you sit and watch
164,0,can t access google in china boo guess I ve got to we ms s new www bing com meh
294,0,haha I growl at my dog and she tilt her head and give I the wtf be wrong with you look then walk away
67,0,nope that s what I do not get to have tonight
441,0,for real
1115,4,can not wait to get away for the weekend final tomorrow and off to the river to get my tan on
1099,4,what s your fav milkshake place in flagstaff flg need a creamy delightful pick I up
1069,4,send out paper work to tax commission to have the process to get the title for my bike so I can do the major repair
1207,4,iphone sdk amp I be go to become friend today even if it kill I
122,0,I really need to vomit
261,0,be get her hair dieddddddd I miss my baby
1455,4,juz start tweet after so long haha it s cool to be here
1356,4,mm small cup of veg soup
953,4,yes odemagazine be on twitter
863,4,it s nice isn t it pet shelf of pretty book its just miss ur lol
525,0,scare just keep look for a place I m sure you will find something if I live there and have my own place you would be
801,4,myweakness be music and I live to meet the people who make it
854,4,it s not my job to know anybody anybody say so I would immediately keep distance with they
1367,4,excellent morning try to take in the fact that there s only 1 more week leave of school quot
943,4,thank so much I just really wanna hear his commentary hahaha I m almost do watch all tv whedon I m up to spin t
1451,4,be so excited for stef to come visit watch out denver
1283,4,I have just decide my job when I grow up be go to be work for the jonas brother and help create their tour
1500,4,happy early birthday zack you ll be able to drink legally poor jack have a fucking sick day lt 3
1260,4,friendly yes harmless yes classic reading girl yes simple not so much whatcha writing
25,0,see walk the line tonight never hear much cash before I could definitely appreciate this why do I only quot discover quot artist after they die
1570,4,but still tasty if so then no fail
779,0,you didn t finish your vegetable
1397,4,ohh this heart of mine some day
1439,4,today be not much fun but tomorrow will be much well even if I do have to clean the flat cos get to see people in the afternoon
392,0,damn its going to take a long time
876,4,then jb wiill sweep you up and take you with they
1556,4,I have good balance use to do martial art
1228,4,as part of your goode job shot you should come hang out here and talk wine thank for the love
1128,4,have fun
1046,4,I take it back you call I last week and I say no you get a pass this time but do not let it happen again
356,0,I want more cashew nuts but my brace can t handle it anymore stare at the cashew nuts huhu
1275,4,lmao woo hoo you make I laugh big time today thank
1296,4,I just hook it up to my cell you just texte I
1468,4,lol thank you love that make the boredom go away for a lil
418,0,unfortunately miss bickmore I do not have iphone so couldn t tell thee isn t setting at the tim next to find people
389,0,need to lose weight
995,4,you re welcome most enjoyable to read x
895,4,do it I ll follow and contribute
810,4,lol queenlizii maybe the queen do tweet
64,0,arrrgh at least you get into stat I fail diagnostic exam so I lose my spot
1428,4,in buisness so excited to get my new phone and look foward to this weekend have a sleepover with my good friend
1259,4,ah I figure you probably be or keep a very punishing schedule
390,0,be you awake yes I know irs early but I can not sleep
1196,4,just get twitter
649,0,I m hope for rome everyday I m on call
648,0,last day off tafe today have to do my speech gaaah hate speech but I m going to miss tafe
1143,4,want to swap
308,0,wait for the call nervous anndd I wanna go back 2 sleep got to work tonight
765,0,really damn hope he s not too badly hurt I should check out ontd more often
794,0,no prob on the sun head your way btw a little restriction be exactly what I need I have no self control lately
270,0,you betcha too bad I do not get fuse
808,4,get all the writing off of mee fun nightt
509,0,luv ur tweet they cheer I up at this difficult time mom s not do well don t know what nxt few wks mth will bring
225,0,be sit by herself because her time management suck
1060,4,not sure my tweet will be up to usual standard for some day while I wake up
1501,4,oh it be much well just not entirely perfect yet
1300,4,go to fearlesslauren s party rock to nickelback
320,0,yes yes yes stupid people unless it s my twitter use rofl but I use wi fi at home
790,0,well not do much today get work early tomorrow I start save for a trip to disneyland orlando with the g f only get 3k to go lol
1465,4,high school musical 3 quot you can do it just know that I believe quot sing haha this ish be going to be fun
1162,4,kelly clarkson be actually very smart and funny such a relief fb watch good news week
1348,4,have waffle for tea today forget how awesome waffle be
1127,4,u know 1st date awkwardness twitter be just like that but the more you hang out 2gether more comfortable u become
1377,4,hey see your tweet excellent stuff follow I so we can tweet
1075,4,also with rune keep it simple as possible
1402,4,or sarcasm allow you to tell they what you really think while give they the impression you be joke
208,0,yoboinewnue omg ya quot ll are so wrong lol I would never no newnue no
1584,4,yes thank you very much it take some time but I do find the side bar view in the end randz10 nambu
786,0,hey twitter more disappointment for the fedex racing team
1157,4,you re welcome google wave rock can t wait to use it
1003,4,lazy friday night with my chicas
732,0,I be wrack my brain try to figure out what orchestragreen could be announce adam be mean
1204,4,put new string on my les paul exam block be good auz so happy to chill and do nothing but play guitar l
1248,4,submit
1511,4,yawning be only good exercise for the jaw bone since the jaw bone can t workout with weight
479,0,noooooooo movie6 net be be shut down due to legal issue
129,0,just wake upp wanna go back to sleeep
1404,4,at nyc south sea port shopping
986,4,I m so excited have a fantastic day
1415,4,I don t think they make enuf bacon to feed our katalyst group
116,0,hee yepp I have to go to cottage soon grr
1440,4,hehe the ts stand for my second name and surname
531,0,I wish they d release the full line up for t4 on the beach now too impatient to wait
262,0,thank I just miss they cause they be at work
51,0,can not wait I will stay up to see what goody you bring since I be still waitliste for you tsv
905,4,septum and you be come
789,0,start to look fat again can t control eat habit
513,0,feel sick go to beed nighty night
1327,4,can t wait to see he
1037,4,no santigold for I tonight work til 10 and I m off tomorrow
1001,4,highland wildlife park today yeyyy yuri and sasha the tiggie shorrttssssss aye
1441,4,ooh I might try the doodling thing
819,4,I vote for you hope you win some great award good luck and pray for you
236,0,just finish day 2 of 3 day retreat good content but no web access and near north pole have to drive car instead of cycle
907,4,going to watch the outsider
1447,4,I m really glad to hear that give he my regard
213,0,my sister wake I up at like 7 I m tireddd I hope today be fun
476,0,well shoot I miss you too I be crave my compy so should ve stay home
916,4,last night be well good charlotte amp imogen be awesome
1368,4,yeah that would be so cool I want next weekend to hurry up now so I can do it lol xxx
146,0,poor dyno he s okay though he didn t get flush all the way
1229,4,more like mr fluman right now I think
1432,4,you be very funny
1409,4,I like this sms gt jkt arwan 27 halo laras mau request the white boy alive yg br dong kpn maen2 k kntr axioo lg hehe meet siaran ya
564,0,man it s go 4 am here and I m still up work this be going to fuck my sleep pattern up for the rest of the week
612,0,well I have math english and biology this week then a week and a half off then 7 more exam and get well soon to your cat
302,0,pleasseee I need it
586,0,that s kinda mean we try at least
222,0,twitpic on twitterberry s not work say file type not support
780,0,nothing to do
909,4,kaathaala romba bore adichathu athan hws t hot hot weekend
716,0,only have a few more minute
643,0,I swear I just see a dead guy who have get in a wreck on his motorcycle
1544,4,whatchin baby mama with siser and broder
105,0,yes but I can play while I work with this iphone I smash my screen on sit ok add I in facebook lady vivienne mccourt
935,4,I start off just message new peep that appear on old account but then think may as well work my way back
156,0,wow who doesn t love I mama doesn t
238,0,whoah I m start to miss he
126,0,hi ali I can only dm you if you follow I suck huh pm I through ekm if you like gaz
1107,4,up be amazing I love doug the dog must get a stuff one at wdw I hope to one day see my name in the credit for a disney movie
395,0,ah right I do not even know what s go on there I sooo need to read the news
1380,4,so I like tofu cake and dirt chocolate and coconut water sound normal to I
766,0,in the car stick in traffic once again
454,0,have a really soar throat it hurt to breath n swallow
692,0,I work in a room in the middle of the office thus no window we call it the programmer cave I can only imagine the sky
1347,4,hey thank
1342,4,thank for follow I
949,4,still learn but always want to rock whoot hehe lol
500,0,ah you stop follow I
332,0,bored yesterday bored today bored tomorrow summer where be my friend
16,0,candice I do not mean to bother you but I m really sad that u got release
777,0,okay so they re start now ish button start on six
1376,4,will let you know I might grab one from drinx
655,0,wish I could come to student life tomorrow haven t see ya ll in about 3 4 year
971,4,oh my goodness I have be say quot prophetess quot for year I think I even scream it at a concert so embarrassed
903,4,depend which side will be either 20 quot or 31 quot
1450,4,thank luv keep the grind go like I know u will stay positive like u always do and pray 2 the nipple god
866,4,thank you have a great weekend
722,0,not sure why I m awake right now it s too early oh wait my friend in the other room be early riser why didn t anyone tell I this
828,4,wow free fall 120 mile per hour in the air from 12 500 foot altitude
230,0,no internet at work I can t fix my resume and email it to the new spot
475,0,yeah we win t that maybe he win t hug I anymore if he find out
1019,4,sooo good see you
1306,4,I m playin my xbox ohyesh
1190,4,hey lisa can t wait to see you in the us look forward to pretty reckless as well take care
1549,4,I go I go damn its hard to breath when its hot out I m out of shape damn it tomorrow I start p90x let see how long that last
1164,4,I guess I should dye my hair tonight since herrea make it painfully clear to I that my root be show
1056,4,I have forget just how lovely loratab be when in pain maybe sleep will be in my card tonight
1052,4,finish the first day of bridge exhaust but happy
1553,4,yeah never make it outside so about to go under the cover and will hit the street 2morrow
964,4,hi survey seem work now
535,0,omgggg life be so hard right now I want outttttt
258,0,too much taste for whore lol ok I can not make it I need sleep hope I wake for work
595,0,we can but mine will most likely be a little late since I have exam of doom this month eeeeep so no hobby time for a while
1246,4,thankfully there s stanley cup hockey on to help ease my bummed ness about phish go redwing less then 2 hour till the puck drop
502,0,be feel really I ll
669,0,goodnight up early work 8 7
1173,4,nawww 11 congratulation lyn z and gerard on bandit lee I honestly could not be happy for you
1274,4,inspirebel I have be cabbe cos can claim from company muahaha I miss you guy too
1307,4,camera shopping today
624,0,to all of my waste day
458,0,sorry your saturday be not shape up to be the good
1146,4,my day so far laundry trip into town back home now be go to have a well deserved break before lunch then a visit to the library
956,4,very good manner
773,0,still sit under the dryer my neck hurt
1191,4,be watch a young red devil team hopefully we can win
117,0,who be go to the online fashion 100 party tonight in london I be invite but nobody to go with
422,0,sorry to read about your grandmother s pass
775,0,not feel so great maybe it s the weather
1102,4,I have so much fun with dyson at the race tonight I m excited excited about girl night in st loius
100,0,fast food for lunch
158,0,I feel like I m still in 7th grade I hate this level up thang if only we can just fail schoool amp stay 7thgrade forevahhhhh
1425,4,I listen to the new song its awesome look forward to some live show
234,0,I fucking miss my call what happen then
1195,4,owwwe be andyp in london yeh probably if it s anything like the weather here you say take a brolly I say take a cab
245,0,I know yoga at 4 30 pm today I seriously miss my amazon
173,0,on my way to work ihop tonight with ezelle
804,4,congrats james I m sure the book be go to be a huge success
464,0,bummer
232,0,I m annoyd they hav block fmylife on the school computer
1226,4,new love really
1473,4,ofcourse u do but work come 1st and u gon miss the big announcement
103,0,only 1 hour 50 minute leave of work well get back to it then
875,4,lovely day in abingdon drive to north yorkshire as soon as we ve get everything together hope sun stay with we
1141,4,be perfectly cook and delicious not an option
1567,4,happy birthday
1049,4,see the hawks dustin byfuglien kris versteeg amp colin fraser out in the neighborhood on this kick ass thursday morn conference final
1472,4,lol we should start a group lol the slut sister
1188,4,bronzin my body poolside
1499,4,lol who know the president could be a comedian
385,0,head to aim to get my test do and then drive back to sd I don t wanna leave but I ll be back up tomorrow night love xx
795,0,they fall off sisqo s fan site be all janky now they be suppose to have a reality show or something come out
93,0,omj my birthday be in 2 week exactally I m not ready and that mean summer almost over
745,0,I m die I m going to drink over 9000 gallon of water when I get home and sit in front of the fan mmmm
1305,4,I get super geeke new school supply make I sooo optimistic
721,0,nite at the company
591,0,I eat half the tub of ice cream I would ve finish it off if it wasn t for my parent
1561,4,you know just what to say tonight
1301,4,so far so good
809,4,remote I prefer to be on site there s no substitute for work with people in person
1438,4,listen to my ipod to calm myself down bbl wit the reply
963,4,really I interpret it as yes I can do that amp not bother u further hav say to boss in the past
1431,4,I love you rachel this be josh
706,0,I bet this device be already make to I would not put it past our leader to seek and you all humanity
449,0,in school on my phone again just get a top up so warm too tired
710,0,eww it s rain outside it be so pretty yesterday
429,0,I agree I m home on a saturday night do hw
419,0,I just say goodbye to some friend hope I ll see they again tomorrow sweden
1117,4,hllf I hear that washington be beautiful
558,0,the bow wow pic can come later I do not know how many bow wow follower I get but sorry not yet got to let the day 26 soak in
1085,4,thinking of school and blogge too I loveee robert pattinson
578,0,be you sure it s out already I don t think so in estonia this stuff be always late
1124,4,I don t think so and maybe we should call the cat flugel after all I ve always want to meet a alcoholic cat once
85,0,I wish the fan event in tulsa be not during my college graduation miss you guy
920,4,bring back memory
1391,4,aha now the truth come out
1545,4,I don t mind traffic when the weather be gorgeous and I have good music playing love today
1345,4,ok I m off this time you all later
514,0,I ve go thru 90 75 of sean I have no more monie
734,0,yep its act super weird for I
700,0,I just see this hahah deluca eat all my leftover sorry
1138,4,eatinqq beef patty
1394,4,really want to go to pinkkk lllllllll
242,0,I can t believe you wiid without I that s what I get for leave the country I love you you re gorgeous I miss your face
613,0,beezzbeez want to sleep but just can t do it
1546,4,good morning wish u will have a nice sunday
1587,4,hi all book 29 room for any date in 2009 sale finish on 31st may 2009 you need to be fast see
1430,4,wow I too
1040,4,for realz safe travel hope thing go much more smoothly this time around amp that you be have a great day so far
229,0,dang I think the jonas brother s be do perform but there be more dang I m an idiot I guess youtube
29,0,uh oh but be that not good its not get a hidden meaning or anything that I do not know about have it
132,0,hi can u tell I if u have manage to mail they thing yet I have try email u but with no luck
110,0,work suck when your here all day
931,4,yeah and flock of seagulls haircut
1289,4,that s what I m listente too a fine album
585,0,can not find my eurotrip dvd
523,0,be so not look to thursday at all
998,4,laker lead by six in overtime yay
406,0,I have no idea who those bloke be dcbigpappa dandyscopic wrhunt downtheticket dcbadger jwtrautman
792,0,3 in the morning I m off to bed now nuit blanche be do
135,0,watch naruto and josh steal my fruit snack
1311,4,ahhhhh the weekend I just get home from drama so I can finally relax
127,0,I make jiffypop because we have a gas stove here only to find out it be load in trans and saturate fat I opt for triscut
1068,4,just come back from watch my brother play seven hour of volleyball with jacquelinecano amp alex smith fun but very long and tiring
421,0,be think that lay down sound nice but I don t like the idea of sleep while dave fly over the atlantic sniff
917,4,and to clear it up this wasn t an insult love ya could you say to clear sth up also etwa klarstellen
797,0,damn it I m awake x
382,0,I prefer mindjet mindmanager to freemind boo
1073,4,try add change bio it work for I for some strange reason s
683,0,get dress for work so freak tired
142,0,just have a tooth shatter last night nothing new otherwise love the summer schedule lol talk soon
1317,4,what be I do what be you do ppl talk to I
276,0,ass of a mosquito bite argh it s bleed
1459,4,go to a bar for the first time tonight my friend cousin own it so I get in for free jazz band amp old crowd but still really fun
457,0,exam over barcelona tomorrow just finish pack well my kind sister just do I want to see bruno
1103,4,exactly which be why I suggest it
237,0,I m see mewithoutyou that night in nyc otherwise I would go
1444,4,I m go to miss you you be already in my prayer if you get bored on your 40 hour drive to canada give I a ring
240,0,ah bless craig i see some the other night on e4 bb docu I feel really bad for he
720,0,I need more follower
1357,4,violence pay be this case
849,4,do some summer cleaning of my computer remove 12 5 gb
1365,4,could you put up subtitle your english be quite good but your accent be a little hard to understand because you speak fast
481,0,owl city be play at chain in october too bad I m not going to be here for that
112,0,workin the graveyard shift
264,0,your picture be so small
1008,4,yes I really do
193,0,work be horrible so damn busy why why sore now
310,0,so be I and I do not know how to stop it its be the bad food too
1414,4,I think so hence mention they
381,0,also a good one too bad she s do for the season
144,0,bearly get home ugh need to wash clothe shower sleep and wake up early for summer school
378,0,think he s get sick
140,0,hahar whaaat concert youu goie too man yourr lucky youu could not go amp amp not geht I anything ahar
886,4,indeed I do then again we be esri nz estimate customer in nz should recieve it sometime in june
303,0,now I ll never win the hair lottery
162,0,embarrassed reality check
1369,4,I have 2go I and julia go to city and we will have funny wohheoo see u
1581,4,follow lalight keep I update for the late dance scene event
416,0,I need dinner but I m still wait for a fax from work also I have no food attn need partner who cook I be inept lol
360,0,I have 19 day leave and I have 10 exam leave
365,0,yeah it be why haven t they put the grey one up
627,0,my high school french teacher die I didn t like he but it s still sad when someone die
670,0,tommy 9th
853,4,at first I have my doubt that nextmedia tech crowd could pull off the party at aurora but damn be I wrong goodnight everyone
1158,4,go to the dark side and root my g1
1149,4,lol that s what I do too just travel to school everyday and friday and weekend off
827,4,allright good night amp thank you very much hug
1211,4,magic be on aug 31st sept 2nd be you go
447,0,I wish I be home in bed naked
1147,4,sweet I too I can not wait to tell the receptionist in the doctor office about it she like hear about our adventure
704,0,hug sorry to hear most medic be moron we should be receive well treatment than this good luck amp take care x
1032,4,they should bottle it lol
1569,4,the kansas city airport be crazy busy there must be like 500 people here pace of life cost of living that s why I m move back
1150,4,I think I start love friendfeed
12,0,can not sleep go online hahaha bobbyden and faidchong miss you too
1177,4,just wake up off to westfield in a while agaaaiin comment subscribe
154,0,pack up my room
726,0,I kill my beautiful hydrangea over the weekend note to self if u like go away for the weekend do not get yourself a hydrangea how sad
1181,4,ok goodnight
1442,4,wow google get dumb tonight seem to think harford hartford thank goodness for google ninja magic quot quot ftw
106,0,wtf no pound lose since I stop the lemon diet sux
1023,4,be chesterquest runner up invite to send you more recent sample I d love to see what you think about my current stuff
1233,4,do you have a canon eos 500d rebel t1i come on take the camera into the pool and make pic
363,0,definitely or even just quot I ll call you quot they never do how be ur day xx
862,4,feel abit poorly but okay otherwise hungry tho as always you okay shiney boy x
1336,4,or just be kind enough to write a guest post on my gadget blog about that iphone pleeeeez
685,0,new album rock would love to come see u when u do ur uk tour ticket sell out b4 I and my friend could get em xoxox
1059,4,just finish work out
216,0,where be the monkey island interview I can not find it
540,0,kevin smith speak at carnegie hall I m too broke to go but still uber exciting
1419,4,if you re happy and you know it clap your hand
1171,4,awesome I have the camera they model this after it s the one in our living room along with everything else
113,0,nooope its long go get an iphone soon
1574,4,I got to say that be probably the most interesting query when take out of context
425,0,last tonight show with jay look forward to conan
1498,4,work on a few image dahlin that s fun for I
138,0,go to chrio then for blood work blah I hate be sick I ve feel gross for the last month
342,0,I want to kill the ex at the moment but I d get in trouble for it
842,4,oh ok come 2 the venue early
299,0,leavin the r side soon I m actually gunna miss it
749,0,oh how I hate english light
1079,4,happy birthday hope you have an awesome day
469,0,I m tryin to play hookie from work but my boss keep callin my cell lol
1134,4,fresh
35,0,I don t get it
1098,4,I know this week will be amazing they re like 15 min away from I omg omg
725,0,my internet service blow bad
1492,4,I want to see it again but with chocolate and maybe popcorn
468,0,omg I want food I m going to be here forever
1254,4,be shatter but happy that she complete the race for life
1279,4,lt 3 when you guy do a signing in scotland again there sooo fun lt 3 xxxxxxx
520,0,play with a dlink dwa 130 usb wifi adapter on my macpro work but driver panic at shutdown
1593,4,he s quite hot actually
1057,4,hehe good one
1234,4,my internet will be up in a day or so once they fix the wiring so I ll be able to send then nice see you too
250,0,shame and you re so close to launch oh well the munney grubber come out when they see a good thing like the your
1520,4,lol so worth it
1564,4,lol oh well in her job she need to be awake more than the rest of we what have you get on today
297,0,bah exciting stuff from kimi wish he wasn t full of fuel though f1
1175,4,maureen on screen
951,4,thank for the follow x
927,4,it ain t over til it s over
13,0,omfg why be I work right now
1375,4,I touch he
616,0,homeeee study for like 3 test tomorroww
1252,4,goin to church
163,0,wait what sick
638,0,I make a video of I pretend to be a science nerd then I m not fuck to edit it
1005,4,well if you be ever bored I d give it a go
605,0,yes I do think they will
893,4,I miss wear jean
1132,4,power advertisement how do you guy handle fax I want to receive they via email no hassle anyone try myfax
1527,4,happy homecoming so so happy for you guy
3,0,I be crave for japanese food
497,0,yes what a shame sutil be usually good in the wet
1208,4,lol your welcome fifth element be one of my favorite movie and well star trek be star trek
1200,4,work again only 3 more day then 2 day of fun at the track
352,0,oh no no class today I just hang out with an old friend from aau and it be just a waste of time
1318,4,cash in a favor and send a friend to go get you ibuprofen if I could twitter it to you I would
661,0,it be not funny where be you swine
386,0,its pourin wit rain n my clean car be park out in it
873,4,be westlife definently come back I ve be to every concert in glasgow and last year get first row for the first time
1393,4,yeah I will be like oh she have swine flu and I find the nameof the year 12
746,0,joe and stella stop be so cute I only know disney be tempt I with forbidden fruit
546,0,ugh tooo hot fall asleep in the sun for 3 hour without sunblock on so now I m uncomfortable and sunburnt
1557,4,chat doesn t work but this social stream be cool and yes we re work drtech live gt
1353,4,very pretty for a non laker fan o
1480,4,mel30rock give he less time to sweat it it s be on the calendar big black letter for 2 month
462,0,please upload photo onto the fb formal group pls make my life easy
1231,4,tonight be supper fun chill with some this cute guy and two pretty girl undercover that s always enjoyable
679,0,jealous java programmer gt heychinaski
1395,4,mary heath will be here in 2 hour
1470,4,download some music
982,4,plan for today have a bath get ready eat get to the garden amp get drunk and then tomorrow it s my bday at last
319,0,ride train to work on a dreary monday morning
736,0,just slam my finger in the door ouchie
293,0,cave in and buy some iphone app sally s day spa sally s hair salon omg I m such a sucker
1083,4,hey lady how you be
635,0,aww poor susan she be hospitalize
940,4,that s fine well than keep it dead right
338,0,wow 385 follower I only have 41
1524,4,sia you be my favorite artist ever
1198,4,hey my4brat long time no talk girl
630,0,forget it s national run day and run inside I m scared to do outdoor run lately because of my stomach 4 47mi 36min 4 cooldown
76,0,shit I lose my hk debit card
69,0,be tired of put forth soooo much effort and get nothing in return
762,0,no chl in mail today get new fixture for kitchen new light in bathroom and finish trim 400 round for my rifle now to load e
1354,4,the site recommend use ie7 and it work perfectly on the other hand use firefox make that site quite ghastly
1363,4,I m in my thousand
1456,4,on the phone to jadeeeee
1358,4,hi rizaness still euphoric about kris allen s win haha drool over kradam picture lt 3
647,0,bye phoenix loose 3 hour be going to be wack it be worth it though
929,4,I agree it doesn t match my eye and it make my skin tone look pale
133,0,ugh my mom take away half the cable
814,4,morganbritney I start with my iced coffee as well happy friday
4,0,jean michel jarre concert tomorrow got to work 7 3 before though
1383,4,my friend and I be go to make a ts3 collage today I pick up a whole bunch of flyer last night
829,4,hey xoxo
1111,4,play some killer basketball with some friend
823,4,good morning girlie how be you xo
686,0,I judge people on outer apperance spelling that make I sad
266,0,exhausted and I have a brutal headache
728,0,be just gettin use to twitter miss my facebook
254,0,lilo might be look for a british good friend I want to be paris s but they say I be to young boohoo
1372,4,be chat on facey with juliabier and matt about the maine
899,4,please tom say hola to the argentinian fan
1299,4,let I rephrase the last 3 joke from dane be funny in nfl blitz if you do somethin bad ass 3 time in a row you be on fire
317,0,I guess it s painful grind for I then
504,0,not really pump for this weekend work a lot rent leave for cali on sunday which mean no decent meal for a week bummer
1281,4,now I m go to cook something to my family I really love cook and bake they calm I down and after cook or bake I m happy
937,4,on my way to wesleyshearer s for breakfast
33,0,dad having fever again not look too good
482,0,waaah asshat at cvs yesterday shortchange I I pay 10 for chip
1078,4,daft punk can cheer up any situation
860,4,get back from hastings bexhill last night brill wknd get a little bit burn ooop
760,0,so we didn t make it to 1 000 follower by yesterday that just mean that we have until this friday come up the treat be still offer
1422,4,jade win t let I sleep peacefully in the bed
1089,4,hope ya hit the waffle house up in va beach too
622,0,yeah I hate rpattz I just want taylor for two hour half naked
1504,4,I bet he ll have to do some kind of straighten for cr2 luckily and yess to the red suit
517,0,that ancient program unix be young than I yet I can it s progeny well out with the old
251,0,wake up killer soar throat it hurt soo bad I need some tea
1022,4,now a day it s not good to be married to a liberal I already stay in trouble 4 not agree with she even more so now
662,0,I know soso upset about it now we have to hope they can thrash the bull yipe
228,0,it be verry nice yesterday she be still here she be go around 5 pm I will miss she
980,4,thank hahah well hopefully your internet gets fix soon
494,0,its unatural to play a game thatlong goodnight I m really worried about channy
329,0,I be go to mention that you probably forget but the msg be just too long I m jealous you dream something wonderful
782,0,goodbye to 1120 song in my laptop so sad so true
1160,4,follo0w the beard 30secondstomars
1522,4,okay man sound sweet you out at the cockpit tonight think I and some of the boy be head down
155,0,up since 3 00 go to be a looooong day
21,0,I m in da library noelle and kayla and connie just leave should I maybe cuz I m really bored noone 2 chat and laugh with
731,0,when do you all go to ihop I m super sad now
344,0,I accidentally break my vow 2 not kill any live creature the other day I step on a snail that be my 1st kill in 2 mnth I feel bad
1578,4,cum play with I www kellikanyon com meet my friend you will really love they I will be there all day today have nasty adult fun
566,0,annd we didn t even lie on thee hamock
1382,4,have a trackie day woop I m chave it
938,4,go for it bridezillas be a good topic plus u have first hand experience
1148,4,omg how mean they re adorable
470,0,boo just get to school n my phone only have one bar leave
1017,4,well when I have to move again I know where I be go yay lol
672,0,sit around can t go to church today only three week leave
1240,4,fill up the paddle pool for the kid
1448,4,I absolutely love the ad for it they re kinda scary and wrong but really funny ooh fingermouse
959,4,ouch their biological clock be quiet wonky aren t they hee b love schedule as long as it doesn t match mine
561,0,text I know that s a great idea let go ben amp I will pick up mikey amp meet you lauren mallory amp thetanyadenali there
1298,4,good morning ivy enjoy your reading
92,0,tear video game death damnelectric if you send I the money I so would but I m hella break and up at 2 15am
125,0,it all get a bit messy when be you back in melb just about to board flight to adelaide
1161,4,can other country view the live feed as well thank for your time
186,0,yeah it s sad
1302,4,how about rupertread4pm
590,0,I blame james with his tony s talk
452,0,I wanna take a nap nap but I can t can t because of prom hair sad
1484,4,I feel extra chinky today
1282,4,be read through all she as french stuff just to re jog the old brain
1540,4,I see my baby cousin evan amp victoria today see they make my day after a boring day in project grad
1135,4,any evening but monday and wednesday I have class those nite otherwise I m good so excited do u need ribbon 4 sheri c
1554,4,thank I will
573,0,last day of school 2day it be a wast of time go
962,4,night all only 5 hour of sleep last night amp I be you all day short with everyone tomorrow I shall have more patience amp bk 2 I
346,0,lmao ha window in the back amp the bitch dnt have step
634,0,tip for everyone don t read whilst in the car I feel soooo sick after read not good
83,0,kino sell out already popular also border say they re not sure if they re even able to get copy
358,0,whew my body be mad about tha workout I think ill nap when I get home its still rain
205,0,whenever I get the chance I work and have no car
440,0,yeahhh d I can t wait but that s way in july
1242,4,please come to germany please please please love your new single lady video
348,0,feel a sinus headache brewing but can t take drug
1548,4,I ve have change throw at I in time sq while ride my bike I tend to avoid that area these day
874,4,be happy that today be a good friday don panic be happy
852,4,on the way to the airport
50,0,meeting fail nothing resolve go to be a rough week
1325,4,be play with the new phone think I get it all figure out
1330,4,check out threshold good so far except 4 the music
185,0,now in line for the famous leng kee beef kuay teow 11ppl ahead of I but fr experience it s always be worth the wait
805,4,beautiful when child smile the world smile
1403,4,do you take your coffee white they say it s well for your bone I take it extra white
861,4,coffee date with the lady I see cotie in a few hour lt 3
484,0,mitchel you have no idea how much I want to call you but it cost load to call from england
1189,4,work hard on a beautiful day yeaaaah in st francis wi
1245,4,up soooooo good I laugh I cry just so cute
160,0,I already miss my bear
343,0,you fail but I ll help you in math12 next year
434,0,I win t be in up north until 15 th
626,0,I feel like crap
188,0,need to start revise physic
17,0,sit at work wait for the receptionist to get off lunch so I can go to my dental I hate it
77,0,how do you ge 3 0 I can t get it yet this make I upset do I need to get itune 8 2
1355,4,I m sell the entire series of frasier on dvd check it out if you re interested just get the word out there item 200353071770
279,0,pink and yellow or blue and brown can t decide or should I get with purple and yellow laker colour omg
872,4,I m yours jason mraz look for an electric guitar yay 1
914,4,thank
727,0,webby gone watch britain get talent aiden be sooo sweet he look like the dude from the bill
826,4,fun my daughter also lead her cs team I love girl gamer
921,4,hey nice new pic sound like you have a good trip
870,4,that would be cute
330,0,ugh so far day have start off bad hope it get well
1015,4,I know that I have issue but you re pretty fuck up too so don t judge I
1212,4,the good band twitter bora fazer as faixas
858,4,night
404,0,tom I m freak out please reply I I miss you
650,0,alrite I dnt think I ll go 4 the concert transportation prob too be der but I wanna go too
536,0,I get very tired of get flame I just my fourth one in since leon offer to kick the person s butt I need chocolate tear up
1130,4,well technically may run outta day you amp I don t have to call it june if we don t wanna lol
516,0,my phone just delete all my contact
1287,4,chateando jeje
380,0,work be lame get my computer back but still no internet come on ppls work with I here
492,0,my wife tell I about the green avatar yesterday but I didn t get around to do something about it until today
426,0,not feel well today I ve be have stomach pain a lot lately might have to swallow the pill and actually go see a doctor
582,0,why be it not anybody else than rahul gandhi
666,0,I have to make a disc for my class why didn t they tell I early
445,0,nope didn t make it
833,4,good job so pretty
121,0,eww that look gross I be guilty of still eat fish
477,0,and they can not I wish I be in las vegas with my sister I miss she
102,0,that actually look pretty cool I wanna play too
944,4,one need to go far up the road it s only a bit farth than where you re at
972,4,hahaha okay I hopeee you loooose oh and I pre orderd new jb album and burnin up book and rolling stone posterr x
770,0,omg yessss I m watch the 4th one I definitely cry when he bring cedrick s body back
1575,4,wear spidey boxer
750,0,monday morning
1510,4,nothing
271,0,figure that out have just ruin my childhood
1142,4,I m 18 almost 19 may 30th and have only have sex with 2 girl and plus it would make a sweet b day present
309,0,my reply be soooo slow
783,0,my computer just wake up and its open to alex deleons blog
802,4,figure out the internet on my new ipod
351,0,my nose have slowly get more runny throughout the day be I get sick
318,0,welcome to the twitesphere I m leave the galapagos today sad that do mean one day close to see you again though
840,4,aww I think someone put it up on youtube lol
1131,4,I want to see away we go I love you john
1033,4,wtf be you still awake I wanna go swim
642,0,ummm intervention I m an alcoholic and abuse drug and I drink hand sanitizer cause I m desperate to get drunk anthony I wanna cuddle you
936,4,at least you get karteekj create his account
1461,4,hey thank for the retweet
369,0,it s the swine lol I m sorry ur not feel good mamash
1183,4,thank you
547,0,awwwww zoey be scared of the storm
1319,4,hey girl keep I post on the akon shizzznazzz
120,0,so we come in fourth place for trivium oh well
165,0,no I have not
1580,4,rearrange the room
66,0,have be drive indoor away from her bedding plant by the rain
1370,4,well if it s fun stuff at least you can smile while you re work like your new background btw
141,0,man oh wellthis be waste gas I need a life and a new place of residency tay company I and the sofa
1091,4,look forward to stephen porter and sasha in lush this evening getting oil up as I type
79,0,just finish bade surf online nutn much to do
1485,4,ooohhh tell I what ya think we want to take the kid to see it
1571,4,hahaha I wanna say it but I win t gt boysss lt 3
325,0,I agree kid get so sad when they re sick
1258,4,haha of course I d say that the dutch be just a tad cut but still berlin and its inhabitant be the good
1048,4,someone be happppy
771,0,just see some pic of I in my ensemble not my good outfit I look way well last meet eh next time mpsy amp pocket look amazing
883,4,thank you very much everybody for the kind comment about my design work I m flatter
199,0,sorry about your sadness I ll be home next weeke we can faff about and stalk celebs on twitter
1206,4,go to sleep have a great day to everyone
407,0,3 word weather shite arrgh
224,0,I be beyond exhausted today I have absolutely no motivation to do anything plus a nasty headache
1338,4,I get my tounge pierce
552,0,try to play the xbox 1 vs 100 but it be stick at the quot please wait quot screen I ve restart multiple time too
538,0,I m sory I can t be there with you where s jacob
1076,4,note 2 all premier issue arrive october instead of september extra month to get it juuuuuuuust right
267,0,I wish I could do ap hwk
1105,4,sharing be care
61,0,my dad wipe our comp hard drive cuz he s weird so I can not watch buckley on blogtv 34 more minute lt itsabby gt
651,0,boooo I m not open for upgrade till feb 2010
474,0,go to a bbq at janet s out of the nugget loop but think they lose due to facebook comment
408,0,not feel so good anymore after that ride
1417,4,go to mow the lawn ew can I not be such a man k thank
579,0,I can not sleeeeeep
1222,4,you must be louis vuitton not reebok in while you drink that fresca
1172,4,go you only 11 more day to go have you try do double
991,4,wait for mum friend to come he going to teach I how to drive a land rover luuv big car
711,0,okay I m fail so badly at this graph on excel stuff and its get cold
715,0,I wanna sleep but I can not cuz I have to go to school
1385,4,talk while breathe in sound really weird
1497,4,home just a few more minute
8,0,I wish I have that much to say
1416,4,oh so that be the problem you be have sample date
170,0,just attempt to watch quantum of solace again after leave it disappoint sometime ago yes it be as crap as I remember
31,0,I guess all well that end well I m still single for the record lol leave cleveland will be bittersweet to
473,0,I hope so too french prime minister say we must prepare for the bad though and I fear he s right
529,0,my stomach ache
1112,4,haha that only help if anything thank
1031,4,hey leighton how be you I really like your song you re such a great actress take care
455,0,torrent be take foreverrrr why be it so slow fuck you youtube for halt my tv watch
603,0,that s it break time over got2go bk2wk now
71,0,7 kill in tehran yesterday iranelection
1011,4,boored and still do not get what s twitter someone plss explain to I
571,0,aww poor nick he mess up
667,0,hi everyone in a while I go to school
1,0,a great hard training weekend be over a couple day of rest and let do it again lot of computer time to put in now
465,0,so bored
278,0,3 short
1110,4,we got throw under the bus by friend be leave behind to sit together we agree we in out on purpose sometime this week
295,0,I be in texarkana think my computer have a virus I ve be tweet from my sis account tanyaka her page suck
1490,4,noysework welcum fellaz
204,0,grr I know and especially m u tutorial it s like damn I just put all this on for no reason
724,0,trust I we r the last 2 no nething
640,0,have no more time to open her laptop and surf the net just update through my itouch
609,0,ashley wake up with a migraine hope it go away
1084,4,just see star trek again and it be just as good as the first time that say a lot about a movie these day
784,0,still not do with payroll be suppose to be off at 4 30 I have a headache
524,0,damn there wasn t suppose to be an apostrophe there
1100,4,off to school on a saturday oh god starbuck stop
1315,4,iyaa mel rabu yaaa hihihi I too can not wait
604,0,my ipod break no more music
960,4,you ask about my sf schedule dahle maybe next time
37,0,3 cheer for lose the cell phone charger cable
855,4,bum note guess what I m now watch mmk those tv show in the bus must have some effect on my tolerance for local tv channel
1108,4,your target speed for our quot race quot will be revise accordingly
928,4,I kno so I change that 100 to 200 ughh
791,0,boredddddddddddd I need money for beer
339,0,not feel so good so a really lazy sunday today
436,0,at the gym pup be okay but need eye drop and week off daycare for leg
577,0,where be there a meet I didn t have to plan and why be I not invite sadfase
1433,4,lord please give jordin the power to sing please give her voice back much love just believe in yourself
1530,4,again again www lisball blogg no
976,4,cousin graduation
284,0,redo work be the most depressing thing iv do all year swainnyyy need a hug
409,0,o o how could you do that I feel sick too some undiserve person get an apple product
287,0,I miss my baby in japan
367,0,be so close but soooo fat away
1434,4,a good series and also a good tune phil oakley great stuff
